f,att_rot,G11,G12,G13,G21,G22,G23,G31,G32,G33,O1,O2,O3
233.49999999999997,-1,117.83777632938715,42.739415908381545,-4.694295466728183,378210.6373760424,-32.0407306366522,119.89123378166423,-0.34179614303813044,-658921.4825507889,1.761718793941538,3.4822194764006764,94.16183491753668,-107736.76534950853
233.49999999999997,0,117.69545732407738,42.797240078638815,-4.69194537643655,372561.501023137,-31.893774858397524,119.74770388463104,-0.3417454095206886,-651078.7776498565,1.7595338643989222,3.4814407008910995,94.12747382642678,-107717.3777545083
233.49999999999997,1,117.55168641176735,42.85430162330377,-4.68951059489613,366771.6387129522,-31.746693978674198,119.60272283296503,-0.34167540901491317,-643039.3056491511,1.7574109234731499,3.4805135766632342,94.09176460015256,-107694.25133854753
233.49999999999997,2,117.4065720599401,42.910564635456346,-4.686993124701522,360844.7602178576,-31.599592731647878,119.45640061541788,-0.3415866380505844,-634808.1896787983,1.7553495146345945,3.47943996989669,94.05473929084708,-107667.41889179102
233.49999999999997,3,117.2602217388904,42.96599523796911,-4.684395209495579,354784.5625889155,-31.452572469238206,119.30884570313475,-0.3414788425617299,-626390.5228460386,1.7533499388378422,3.4782222873738684,94.01643092101189,-107636.94275374715
233.49999999999997,4,117.11274229155137,43.020561213674796,-4.681718925016979,348594.7346785663,-31.3057345505746,119.16016744269105,-0.34135135319122634,-617791.4311787784,1.7514094920653542,3.4768642006794437,93.97687340181332,-107602.91104147471
233.49999999999997,5,116.9642413537552,43.07423096875531,-4.6789665794930535,342278.9852381897,-31.159179402175052,119.01047546671258,-0.34120497370077735,-609016.0499570097,1.74952859504697,3.4753677452090095,93.9361014959362,-107565.36073929312
233.49999999999997,6,116.81482626695053,43.12697417526299,-4.676140369318228,335841.01948322786,-31.01300493478926,118.85987818356178,-0.34103934323157764,-600069.4890399731,1.7477081339780753,3.4737346827832236,93.8941507826678,-107524.34415245795
233.49999999999997,7,116.66460341938286,43.17876224383562,-4.673242620936232,329284.5224253915,-30.867308506815235,118.70848448408435,-0.3408546301515247,-590956.8694054105,1.7459475230567671,3.471967663829048,93.85105757869425,-107479.9153411773
233.49999999999997,8,116.51367917544425,43.22956756613523,-4.670275758172006,322613.17632181867,-30.722185029304704,118.55640210932243,-0.3406507977980324,-581683.277362414,1.7442467297219346,3.4700689109679095,93.80685891311312,-107432.13856390747
233.49999999999997,9,116.36215942266622,43.27936364174597,-4.667242051329848,315830.6550577471,-30.577728751666555,118.40373896362793,-0.34042776929040874,-572253.8044648187,1.7426054597369924,3.4680412159728213,93.761592482893,-107381.07475350733
233.49999999999997,10,116.21014832158683,43.3281265710932,-4.66414398249131,308940.5801713933,-30.43403098759278,118.25060143161066,-0.34018592215441057,-562673.4844371682,1.741021146320878,3.465889013242728,93.7152965337901,-107326.83857054084
233.49999999999997,11,116.05775078710332,43.37583173544281,-4.6609839141852465,301946.5911839975,-30.291182047133326,118.09709574615222,-0.3399249088511217,-552947.3424953676,1.739497016354588,3.463612231553695,93.66800992185257,-107269.42841166875
233.49999999999997,12,115.90506976706448,43.422457362270116,-4.657764479019794,294852.2863443282,-30.149269727702617,117.94332658402239,-0.33964528988539733,-543080.3601929931,1.7380292736040726,3.4612162244168907,93.61977198457399,-107208.97600209081
233.49999999999997,13,115.75220699329743,43.46798310426236,-4.654487978986741,287661.217902249,-30.008380631982472,117.78939838339927,-0.3393468686302547,-533077.4899701375,1.7366189463166224,3.458702985751959,93.5706224740918,-107145.53763172972
233.49999999999997,14,115.59926320889089,43.51238952487244,-4.651156958505996,280376.9156412123,-29.86859844145244,117.63541374971064,-0.33902958056850047,-522943.62428863224,1.7352684093531487,3.4560732928018476,93.5206015660879,-107079.13464370726
233.49999999999997,15,115.44633965034586,43.55565755951895,-4.647774059267697,273002.9051906204,-29.73000525779048,117.48147447449308,-0.33869391280182226,-512683.61813620996,1.7339737100140142,3.4533325275071634,93.46974978050274,-107009.9025135664
233.49999999999997,16,115.29353375832073,43.597771264813,-4.644341644539694,265542.6249076091,-29.59268128186811,117.32768122888312,-0.33833993789099165,-502302.2800409372,1.7327350641940018,3.4504834663422197,93.41810791617587,-106937.91128818892
233.49999999999997,17,115.1409431170757,43.63871490894822,-4.640862412920997,257999.50409726409,-29.456704277292143,117.17413310489916,-0.3379674898248535,-491804.35791190143,1.7315532742522475,3.4475278590402816,93.36571703382211,-106863.2120509168
233.49999999999997,18,114.9886636044754,43.67847429298611,-4.637338828781356,250376.92038340872,-29.32214909165228,117.02092730763412,-0.33757709045645395,-481194.52993384824,1.7304283987676397,3.444468653089305,93.31261835419929,-106785.88466847215
233.49999999999997,19,114.8367895546388,43.71703649967994,-4.633773433114559,242678.21152307844,-29.189089664517688,116.86816048027809,-0.3371687040046421,-470477.43641057034,1.7293584640625306,3.4413100081864667,93.25885328031778,-106706.03766798064
233.49999999999997,20,114.68541395624132,43.754389763500875,-4.630168785700909,234906.6716045099,-29.057597401415325,116.71592732955682,-0.3367425581356836,-459657.6556188959,1.7283440103174295,3.4380539931786083,93.20446328264964,-106623.7235134274
233.49999999999997,21,114.53462746944982,43.79052406786192,-4.626527403749337,227065.53150739972,-28.927740393021843,116.56432040526772,-0.3362988457194388,-448739.67421297735,1.727384325816759,3.4347041388531894,93.14948988936881,-106539.04146483116
233.49999999999997,22,114.38452013774702,43.82542986820972,-4.622851900208293,219157.99597855163,-28.799586030144177,116.4134315843369,-0.3358377519240915,-437727.94536678394,1.7264804557416407,3.431262283294029,93.09397461838881,-106452.04400204076
233.49999999999997,23,114.23518008667962,43.859098911289735,-4.619144773883495,211187.21452377894,-28.67319782039987,116.26334986336298,-0.33535916004313177,-426626.8229532804,1.725631248007783,3.4277319776196697,93.03795894727891,-106362.8265987571
233.49999999999997,24,114.08669316928302,43.89152454003354,-4.615408586315807,203156.27591220918,-28.548638628551156,116.11416364217233,-0.3348639200224581,-415440.62043236225,1.7248362598364326,3.4241165217485943,92.98148427026815,-106271.47886149999
233.49999999999997,25,113.93914353946568,43.922701106549965,-4.611645833431674,195068.21953167563,-28.42596782665611,115.96595862077321,-0.3343516496078737,-404173.55824569636,1.7240955026972384,3.420418411487305,92.92459182187154,-106178.06935502458
233.49999999999997,26,113.79261305883043,43.95262442518131,-4.607858989895613,186926.0225275031,-28.30524309929798,115.8188190545955,-0.3338228566385875,-392829.79537310323,1.7234091488450487,3.4166401915492224,92.86732267075054,-106082.6754555274
233.49999999999997,27,113.64718387370594,43.981289782404865,-4.604050505601591,178732.65116668958,-28.1865196457515,115.67282712685447,-0.33327775585351693,-381413.41219560866,1.72277661328357,3.4127853211470955,92.80971766522646,-105985.38865539031
233.49999999999997,28,113.50293380059499,44.00869526257032,-4.600222858903387,170490.9703995992,-28.06985056065922,115.52806320279345,-0.3327163368137677,-369928.4192877943,1.7221971688636617,3.4088567331900324,92.75181737643803,-105886.29025284153
233.49999999999997,29,113.35994052036317,44.034838666215016,-4.596378610063593,162203.8254850384,-27.955286826365693,115.3846057132629,-0.3321391433831582,-358378.75363290135,1.7216712560589764,3.404856932131354,92.69366208614515,-105785.45663986632
233.49999999999997,30,113.21827706672482,44.059720688795885,-4.592519975216364,153873.95807875885,-27.84287663432485,115.2425308721883,-0.3315462888196535,-346768.2675913667,1.7211986230909486,3.40078895712268,92.6352917080951,-105682.96933378933
233.49999999999997,31,113.07801800511419,44.083340415312,-4.588649439243906,145504.11957524708,-27.73266693992956,115.10191330233819,-0.33093822171133214,-335100.756907401,1.7207786643928984,3.396655617097352,92.5767457953437,-105578.91011367645
233.49999999999997,32,112.939234278116,44.10569898834815,-4.584769374756069,137096.9780794427,-27.624701745224442,114.96282520018765,-0.33031478768036515,-323379.9272175399,1.7204127215769425,3.392458674839922,92.5180634737621,-105473.34045338765
233.49999999999997,33,112.80199343356728,44.12679943153161,-4.5808820479852566,128655.12099831465,-27.519023144463915,114.82533684588672,-0.329676509227921,-311609.41449054715,1.7200989438199057,3.3882022024636766,92.45928342060061,-105366.36457497322
233.49999999999997,34,112.66636295180271,44.14664416106681,-4.576989843943251,120181.1192052365,-27.415670984390935,114.68951635521027,-0.3290235376525249,-299792.77836637787,1.7198376971962586,3.383888411674428,92.4004438185536,-105258.05824917485
233.49999999999997,35,112.5324087066186,44.165236015806514,-4.573094918632693,111677.4982034046,-27.314683543200402,114.55543020417291,-0.32835638611616796,-287933.512424893,1.7196293844791712,3.3795194976404392,92.34158233849101,-105148.47656936776
233.49999999999997,36,112.40019202360047,44.18258046462045,-4.569199541690632,103146.6827522188,-27.216096707555423,114.42314232490536,-0.3276750682978952,-276035.03801747574,1.7194742282416557,3.3750979547643243,92.28273604621387,-105037.70857471225
233.49999999999997,37,112.26977421177146,44.1986822851141,-4.565305977565961,94591.08221327103,-27.119944106871312,114.29271471103604,-0.32697989172755576,-264100.69047516485,1.7193704379042887,3.3706275863972333,92.22394152239855,-104925.84910605755
233.49999999999997,38,112.14121450783564,44.213546430241315,-4.561416280388029,86013.06547898683,-27.026257828812113,114.16420736065744,-0.3262714235281577,-252133.74786587604,1.7193195035669866,3.3661097377754596,92.16523466185944,-104812.95991861165
233.49999999999997,39,112.01456900550036,44.22718007198233,-4.55753252478349,77414.9116672295,-26.93506749273884,114.03767785919557,-0.3255494866065242,-240137.4096555578,1.7193205626764854,3.361547217923737,92.10665073448016,-104699.10798635315
233.49999999999997,40,111.8898923128938,44.239589992943515,-4.553656878169388,68798.87285517457,-26.84640141543492,113.91318218102583,-0.3248147271109854,-228114.8118276447,1.7193747110311155,3.356942145232658,92.04822434386278,-104584.37421198166
233.49999999999997,41,111.76723714728934,44.25078364826817,-4.549791340661642,60167.15260352896,-26.76028548163746,113.790773729723,-0.32406715857102614,-216069.0206488953,1.719481247671004,3.3522970392179814,91.98998941798308,-104468.8297096932
233.49999999999997,42,111.64665388242626,44.26076910371539,-4.545937792915866,51521.90111307482,-26.676744300350556,113.67050428910336,-0.32330731025363646,-204003.04032146285,1.7196396297747658,3.3476145420286887,91.93197914431964,-104352.55712622275
233.49999999999997,43,111.52819118138666,44.2695547881487,-4.542098296220478,42865.22707760738,-26.59579967834937,113.55242280916744,-0.3225353821617465,-191919.79615174528,1.7198492400671999,3.3428974784893777,91.87422599933285,-104235.6345322943
233.49999999999997,44,111.41189497238061,44.27715003100492,-4.538274753709802,34199.18041698849,-26.51747310234824,113.43657721586138,-0.32175166706357905,-179822.17261959804,1.7201125820557839,3.3381462774567523,91.81676167529848,-104118.101891133
233.49999999999997,45,111.2978100185782,44.28356396947012,-4.534468901070374,25525.783188599606,-26.44178319987621,113.32301254141021,-0.32095643383495387,-167712.974662678,1.7204279698344842,3.333364337106315,91.75961710271335,-104000.05148410099
233.49999999999997,46,111.18597824562464,44.28880673381156,-4.53068257615433,16846.998424310495,-26.368746879433015,113.21177173661208,-0.3201499498281857,-155594.94687048643,1.7207959302137636,3.3285532390368817,91.70282240672526,-103881.54283506358
233.49999999999997,47,111.07643968126992,44.29288872880056,-4.526917556006716,8164.748880654791,-26.298380695899564,113.10289664324851,-0.31933266260708254,-143470.79575453277,1.7212156288832547,3.323715977439366,91.6464069059868,-103762.65959771782
233.49999999999997,48,110.96923785950968,44.295816645447836,-4.523175542041768,-518.9870644618558,-26.230697501207587,112.99642554728192,-0.3185046172312314,-131343.138651781,1.7216890909890723,3.318852902848338,91.59039907709932,-103643.44316685667
233.49999999999997,49,110.86439923752384,44.29760857585299,-4.519458138308054,-9202.534954185172,-26.165710793316794,112.89239632499259,-0.3176663813705725,-119214.57378206066,1.7222146705519257,3.3139672199141255,91.53482656177351,-103523.97788177668
233.49999999999997,50,110.76196530049852,44.298270372707094,-4.515766987152519,-17883.961418332783,-26.103430306097565,112.79084321386868,-0.31681809672949307,-107087.6094985528,1.7227919736439177,3.3090612049124988,91.47971613823778,-103404.33474433608
233.49999999999997,51,110.6619664812362,44.29781483251981,-4.512103592000593,-26561.528432345905,-26.043866153181078,112.69179983708055,-0.31596005074750405,-94964.73607542407,1.723422451098863,3.304135582531258,91.42509370791774,-103284.561992045
233.49999999999997,52,110.56443412750403,44.29625286836089,-4.508469497852586,-35233.484617000315,-25.987025867793523,112.5952970089624,-0.3150925565107885,-82848.37487994011,1.7241051452035818,3.2991930010047708,91.37098430087902,-103164.73405617554
233.49999999999997,53,110.46939590957392,44.29359687936019,-4.504866078914441,-43898.14171315272,-25.93291638683366,112.50136418847613,-0.31421603929704084,-70740.91424928748,1.724841438767942,3.2942342571646908,91.3174120465768,-103044.89573249177
233.49999999999997,54,110.37687950670926,44.289857923356195,-4.501294839574506,-52553.814831649535,-25.881541798870334,112.41002782615026,-0.313330601707491,-58644.67358548889,1.7256296009069207,3.2892622599810446,91.26440016197044,-102925.13614098719
233.49999999999997,55,110.2869074671695,44.28504983763069,-4.497757042887205,-61198.90267076296,-25.832906879828005,112.32131394265781,-0.3124368580623604,-46561.963877610775,1.7264719833443987,3.284277057342131,91.2119709844164,-102805.47619017735
233.49999999999997,56,110.19950479785759,44.27918307842367,-4.49425396026258,-69831.75827009388,-25.787012368849023,112.235244665705,-0.31153457886715086,-34495.01019782428,1.7273668349965323,3.2792814649225512,91.16014590050182,-102686.00625944273
233.49999999999997,57,110.1146920521551,44.27227031444861,-4.490786932644813,-78450.8085335075,-25.743861013054584,112.15184260064261,-0.31062462891518544,-22446.05261321793,1.728314178883671,3.274277179846714,91.10894539424345,-102566.78175823974
233.49999999999997,58,110.0324877772279,44.26432430712912,-4.487357010305461,-87054.5114658358,-25.703451274571734,112.07112634770442,-0.30970680967075404,-10417.24712163747,1.7293151626511492,3.2692646618304746,91.05838903080175,-102447.84078413788
233.49999999999997,59,109.95290973239172,44.25535734355915,-4.483965454354981,-95641.33627405905,-25.66578023516973,111.99311245413624,-0.30878172461097037,1589.291668426964,1.7303706455110965,3.264244948907019,91.00849541214278,-102329.23831414191
233.49999999999997,60,109.87597312824381,44.24538200391618,-4.4806132414159086,-104209.78169239787,-25.63084999001792,111.91782022351467,-0.3078495875582457,13571.375055089298,1.7314784153619405,3.25922102802981,90.95928224365052,-102211.05141952755
233.49999999999997,61,109.80169156655639,44.23441095514156,-4.477301460362096,-112758.36920304649,-25.598651655832825,111.84525994789212,-0.3069106851947771,25527.01043523136,1.732639732904097,3.254193416795018,90.9107662691801,-102093.31813635882
233.49999999999997,62,109.73007704688699,44.22245674477219,-4.47403109060458,-121285.64134505499,-25.569182203988706,111.77544526306542,-0.3059653651443723,37454.11567063569,1.7338549017340013,3.2491630259865065,90.86296330444617,-101976.09370702507
233.49999999999997,63,109.66114030164914,44.20953151822598,-4.4708030026884655,-129790.14746922682,-25.542434434996004,111.70838570668714,-0.30501403492250206,49350.68635914391,1.735124584763644,3.2441307042494394,90.81588823584408,-101859.41012535375
233.49999999999997,64,109.5948888017367,44.1956483904279,-4.467618147249649,-138270.4776838295,-25.518400900458214,111.64408990222476,-0.3040566274916629,61214.72902478559,1.7364455940851733,3.2391000916722494,90.76955503516304,-101743.3662872832
233.49999999999997,65,109.53133019493318,44.18081949522436,-4.464477220759368,-146725.22180981823,-25.49707372378576,111.5825649048562,-0.30309375339902955,73044.26102896125,1.7378230589390506,3.2340684912589754,90.72397667631552,-101627.94913166479
233.49999999999997,66,109.47046883327297,44.165057754138736,-4.461381112646837,-155153.00046194645,-25.478443101997044,111.52381559498949,-0.30212556110774397,84837.33665730961,1.739254082183627,3.2290393088982574,90.67916527169619,-101513.24262792605
233.49999999999997,67,109.41230837253767,44.14837545138925,-4.458330519479287,-163552.43329215766,-25.462498255848878,111.46784513799527,-0.3011524684124075,96592.02575693652,1.7407393067323989,3.2240128020781205,90.63513197178649,-101399.2837585363
233.49999999999997,68,109.35685038788107,44.130785113112736,-4.455326101122696,-171922.1619016872,-25.449227077032443,111.414654785709,-0.30017465165995766,108306.42217679518,1.7422770955729665,3.2189912403901113,90.59188702273532,-101286.13210619517
233.49999999999997,69,109.30409494441955,44.11229913325771,-4.452368417386733,-180260.83672093338,-25.43861717630965,111.36424464423914,-0.2991925355889421,119978.62243958066,1.7438693784140826,3.2139744391739957,90.54943975048974,-101173.81918949957
233.49999999999997,70,109.25403993725594,44.092930287472555,-4.449458203340516,-188567.12709825343,-25.43065491102627,111.3166129505436,-0.29820621122650015,131606.73940145696,1.7455170365963324,3.2089624239554158,90.50779855346997,-101062.37794239794
233.49999999999997,71,109.20668310536239,44.07269013078853,-4.446595770953557,-196839.68716762718,-25.425325399831532,111.2717561641705,-0.2972157652217775,143188.90452413473,1.7472174379058856,3.2039578540855023,90.4669709600294,-100951.87271438185
233.49999999999997,72,109.1620192999428,44.05159120182664,-4.443781698940359,-205077.20085043937,-25.42261271284183,111.22966900607277,-0.29622217541285234,154723.2572781122,1.7489730449737533,3.1989600840429513,90.42696358352039,-100842.32404598015
233.49999999999997,73,109.12004176441525,44.02964606906419,-4.441016407355505,-213278.36204144466,-25.422500344121133,111.19034483878829,-0.2952253551811625,166207.94382810214,1.7507830312249661,3.1939701662261752,90.38778213605191,-100733.78702865841
233.49999999999997,74,109.08074301650322,44.00686644440614,-4.438300201657669,-221441.8501039085,-25.424970747541593,111.15377545835915,-0.29422538098467566,177641.113143529,1.7526461176778032,3.188989808760476,90.3494314864051,-100626.28999082997
233.49999999999997,75,109.04411375429687,43.98326433218973,-4.435633544158635,-229566.35858676088,-25.43000506267607,111.11995073735919,-0.29322291448502863,189020.9286654513,1.754564739087754,3.184017960377306,90.31191561239213,-100519.87728638476
233.49999999999997,76,109.01014283873128,43.95885178746035,-4.433016628280371,-237650.5867793404,-25.437583922600837,111.08885936968574,-0.29221799939278503,200345.54994356426,1.7565366170051808,3.1790567495799134,90.2752376500162,-100414.57806342564
233.49999999999997,77,108.97881779536041,43.933641025549754,-4.430449748074937,-245693.23525419587,-25.447687356365808,111.06048855468225,-0.2912110963648479,211613.13361467476,1.758563871987855,3.174105228487189,90.23939983936093,-100310.44012518658
233.49999999999997,78,108.95012491042097,43.90764354209222,-4.42793302036706,-253693.0002104335,-25.4602935088515,111.03482350049205,-0.2902023518871298,222821.84824827535,1.7606444617519688,3.16916547038508,90.20440366316228,-100207.4890655056
233.49999999999997,79,108.92404864824563,43.880871363780955,-4.425466756806664,-261648.58549321638,-25.475380411273076,111.01184832822305,-0.28919217188417157,233969.85833731183,1.7627781940806915,3.1642381634910537,90.1702497539135,-100105.75890642343
233.49999999999997,80,108.90057277248363,43.85333581531558,-4.423050828495775,-269558.67884485493,-25.492925115414383,110.99154569834602,-0.28818060665326983,245055.3182732326,1.7649666099067243,3.1593225242742125,90.13693789030016,-100005.28392178642
233.49999999999997,81,108.87967847384493,43.82504921166848,-4.420685496787237,-277421.9951403751,-25.51290331195548,110.97389641522662,-0.28716827264250705,256076.3915149316,1.767209767458287,3.1544186575993614,90.10446710536083,-99906.08635228468
233.49999999999997,82,108.86134695695458,43.79602221657313,-4.418370670118574,-285237.189482776,-25.5352909511483,110.95888064679161,-0.28615524007361626,267031.21214617067,1.7695054484161592,3.1495287328321875,90.07283562100407,-99808.20554373447
233.49999999999997,83,108.8455566809272,43.766267281171466,-4.416106432816661,-293002.9863357909,-25.560061587070315,110.94647608707714,-0.28514176934939,277917.940132715,1.7718564298200292,3.1446511638483834,90.04204091871136,-99711.66409397795
233.49999999999997,84,108.83228561950776,43.73579564941951,-4.41389264863638,-300718.0582326675,-25.587188949603323,110.93665967066384,-0.2841286961618158,288734.71086814743,1.7742603199812814,3.1397876953642863,90.01207970197405,-99616.495452584
233.49999999999997,85,108.8215101895135,43.7046188077491,-4.41172914672159,-308381.07703941053,-25.61664588956881,110.92940722908047,-0.28311550742707214,299479.63776845846,1.7767178204091667,3.134938056935969,89.98294797990104,-99522.71662057508
233.49999999999997,86,108.81320599778253,43.67274790077248,-4.40961598793786,-315990.71240812517,-25.648404009689745,110.92469251870548,-0.28210293882150334,310150.85199486907,1.7792273344639646,3.130103767834377,89.95464099115196,-99430.37446126802
233.49999999999997,87,108.80734618497053,43.640194896028525,-4.40755298082312,-323545.6375377101,-25.682434244939078,110.9224883752469,-0.28109134844921585,320746.4560657665,1.7817903170931761,3.1252836436466076,89.92715329624168,-99339.47357142328
233.49999999999997,88,108.80390362351805,43.60697103493503,-4.405539737290318,-331044.50396717456,-25.718706817663673,110.92276632993224,-0.2800808321687454,331264.54443559714,1.7844065994809508,3.120478132453869,89.90047876879314,-99250.03986910921
233.49999999999997,89,108.8028498680395,43.573087573954254,-4.403576132924269,-338485.95566412574,-25.75719088276921,110.92549646083573,-0.2790716508176402,341703.19976741716,1.787075259780266,3.115687735246755,89.8746106157366,-99162.09353240578
233.49999999999997,90,108.8041545926071,43.5385563461192,-4.401661985864781,-345868.6396490428,-25.797855106333575,110.93064780308553,-0.27806434539944985,352060.4904276995,1.7897954024524387,3.110913385611182,89.8495413991403,-99075.6683430397
233.49999999999997,91,108.80778715805384,43.503388476708686,-4.3997967902837605,-353191.17817123164,-25.84066699135465,110.93818791634428,-0.2770589390855845,362334.4706758327,1.7925687442149156,3.1061536875980202,89.82526303717863,-98990.76633976639
233.49999999999997,92,108.81371506109024,43.46759567121402,-4.397980344361301,-360452.1910112575,-25.885593496808376,110.94808331765171,-0.2760558739741454,372523.18095291517,1.795392318859362,3.1014106617501698,89.80176685437058,-98907.41699233578
233.49999999999997,93,108.82190501221498,43.431189416706545,-4.396212267389924,-367650.29043200816,-25.93260051952329,110.96029914050916,-0.2750555724791421,382624.64539293735,1.798268182353389,3.09668284871703,89.77904357272477,-98825.63330678367
233.49999999999997,94,108.83232275987041,43.39418099911574,-4.394492066808569,-374784.0663249214,-25.981653311185067,110.97479950384275,-0.27405806250556475,392636.87173658435,1.801193653805956,3.0919721640877826,89.75708334932024,-98745.44264233366
233.49999999999997,95,108.84493221722404,43.35658256364458,-4.392819430449815,-381852.11519679695,-26.03271635689535,110.99154732842386,-0.27306381704521,402557.8512159355,1.804171131805691,3.087276763781343,89.73587578900194,-98666.83920128415
233.49999999999997,96,108.85969722107967,43.31840524495375,-4.391193867648026,-388853.0014155694,-26.085753237838173,111.01050439803889,-0.27207323098015856,412385.5610320246,1.8071986419838864,3.082597567689364,89.71540994231869,-98589.84795599725
233.49999999999997,97,108.8765797023891,43.279661221499175,-4.389614794981121,-395785.29669307655,-26.14072677885419,111.03163135961728,-0.2710863921398357,422117.9566183618,1.8102745523894757,3.0779359158875126,89.69567440642533,-98514.48691741105
233.49999999999997,98,108.89554115521432,43.240362025800735,-4.388081790649292,-402647.54638166254,-26.197598876873027,111.05488776269317,-0.270103564298763,431752.98245506955,1.813400847200521,3.073289955269376,89.6766572395755,-98440.75944207102
233.49999999999997,99,108.91654153768106,43.200520156263316,-4.386594340361709,-409438.30217890145,-26.25633126806676,111.08023240215451,-0.2691253626375672,441288.5540279598,1.816575199405826,3.0686611327194875,89.65834607095795,-98368.67106044995
233.49999999999997,100,108.93954044158397,43.16014715381197,-4.385151825996921,-416156.07735581987,-26.316883934209088,111.10762255327862,-0.2681519248768854,450722.5857906267,1.819798132691511,3.064049010569835,89.64072806647886,-98298.24304283934
233.49999999999997,101,108.96449606323925,43.119255440209535,-4.38375370025747,-422799.4009588616,-26.37921685589496,111.13701492833736,-0.26718353773650105,460052.95938114426,1.8230684121198473,3.0594539356154873,89.62378997636604,-98229.47405535652
233.49999999999997,102,108.99136600769484,43.07785720097183,-4.382399336168681,-429366.764812074,-26.443288989044692,111.16836507267053,-0.2662204947271829,469277.54836805176,1.8263855559157842,3.054876036442466,89.60751816756716,-98162.3690266793
233.49999999999997,103,109.0201068473078,43.03596488364902,-4.381088108178245,-435856.67150663,-26.50905842835052,111.20162764173378,-0.2652632665417836,478394.2077906403,1.829749276964414,3.050315099891585,89.59189860258273,-98096.95158265601
233.49999999999997,104,109.05067421983811,42.99359115014192,-4.379819392881385,-442267.59731406963,-26.576482493112724,111.23675617400592,-0.2643117554061525,487400.7784282466,1.8331586861806444,3.04577154111498,89.5769169444362,-98033.20052164809
233.49999999999997,105,109.08302296090046,42.950748994134585,-4.378592528813842,-448598.01827172446,-26.645518493416667,111.27370399421002,-0.26336685324231046,496295.0677322762,1.836613199583881,3.041245295559679,89.56255848713117,-97971.12888842679
233.49999999999997,106,109.11710745268655,42.90745088026693,-4.3774068780897935,-454846.3783487036,-26.71612194082152,111.31242276912685,-0.26242847932009383,505074.8924286732,1.840112169115243,3.036736454313209,89.54880823564132,-97910.74486174021
233.49999999999997,107,109.15288093784226,42.8637101195741,-4.376261655454109,-461011.1385075223,-26.788248237588643,111.35286391991505,-0.26149701439722695,513738.0367012635,1.8436547851088192,3.032245174035542,89.53565095588681,-97852.03432492533
233.49999999999997,108,109.19029615299131,42.81954013647253,-4.37515619001843,-467090.7372196249,-26.861852238908444,111.39497797594667,-0.2605728734101329,522282.2738143191,1.8472400896586112,3.027771647934229,89.5230710745657,-97795.00075075985
233.49999999999997,109,109.22930504875447,42.77495423901741,-4.374089756114793,-473083.5985300921,-26.93688768700243,111.43871458517381,-0.25965634660701176,530705.36472232,1.8508668005839104,3.0233165603393775,89.51105288543754,-97739.65135083206
233.49999999999997,110,109.26985894486026,42.72996619312475,-4.373061700255756,-478988.1447911384,-27.01330789768631,111.48402283100519,-0.25874759308347584,539005.054918589,1.8545363660302117,3.018878247964861,89.49958042074512,-97685.97068089529
233.49999999999997,111,109.31190873253298,42.68458980473453,-4.372071223855102,-484802.7839726526,-27.091065607959727,111.53085118816466,-0.25784717093626625,547179.0786318113,1.858244894439273,3.0144590230421966,89.48863755975114,-97633.9608874082
233.49999999999997,112,109.35540450911282,42.638839229742196,-4.37111755826908,-490525.92204100505,-27.17011256453062,111.57914726807675,-0.2569550050270614,555225.1576035934,1.8619933337926968,3.0100576963135577,89.47820801967657,-97583.61125116635
233.49999999999997,113,109.4002959179959,42.592728812902266,-4.370199915467248,-496155.9559081982,-27.25040057317836,111.62885856885987,-0.2560720300735396,563141.004283687,1.8657812397748945,3.0056741110322127,89.46827539588229,-97534.91260202357
233.49999999999997,114,109.44653216944818,42.546273081258704,-4.369317586411892,-501691.27259692014,-27.331880011900022,111.6799314675361,-0.25519801499737244,570924.320357672,1.8696048248304946,3.00131059067601,89.45882319247143,-97487.86652912693
233.49999999999997,115,109.49406212243224,42.49948671082083,-4.36846975741071,-507130.25741330226,-27.41450152608359,111.73231243558399,-0.25433352739992937,578572.7998699438,1.8734665773961616,2.9969646704686355,89.44983480936995,-97442.45124628747
233.49999999999997,116,109.54283395516035,42.45238484071495,-4.367655694543795,-512471.29124059144,-27.49821454184144,111.78594701855467,-0.2534789322447015,586084.1303544934,1.8773638659303917,2.9926378036770647,89.44129362259092,-97398.65890176225
233.49999999999997,117,109.59279569176222,42.40498268295961,-4.366874618291188,-517712.75097987347,-27.582968292874774,111.84078058879874,-0.2526342293337463,593455.9935958454,1.8812947790048158,2.9883308787403635,89.43318298021019,-97356.48109697078
233.49999999999997,118,109.64389497277334,42.35729574549655,-4.366125711727028,-522853.0096188803,-27.668711548646296,111.89675818093176,-0.25180008416693617,600686.0673379372,1.8852598103564955,2.984042804617686,89.42548621425465,-97315.89866267874
233.49999999999997,119,109.69607922393938,42.309339663929116,-4.365408198827428,-527890.4354807945,-27.75539262616091,111.95382451721005,-0.25097661741290606,607772.026589236,1.8892568028892336,2.9797746514338006,89.41818670009405,-97276.90131827086
233.49999999999997,120,109.74929568119775,42.261130551179576,-4.364721276102844,-532823.4116603681,-27.84295917204316,112.01192391511476,-0.25016428053450335,614711.5434857816,1.8932854629675953,2.975526254429535,89.41126785272618,-97239.46264855051
233.49999999999997,121,109.80349129848842,42.21268438941706,-4.364064180148913,-537650.3003869287,-27.931358587053637,112.0710005576426,-0.24936319360454015,621502.2998141451,1.8973426034319003,2.9712991835599114,89.40471318580356,-97203.58019243306
233.49999999999997,122,109.85861291773055,42.16401802105093,-4.363436152824506,-542369.4852632817,-28.020538055940364,112.13099853624932,-0.24857380650742408,628141.9703121402,1.9014305579467208,2.967091338512937,89.39850627252194,-97169.21976612647
233.49999999999997,123,109.91460747033551,42.11514768978857,-4.362836390623127,-546979.3391668557,-28.110444236540236,112.19186180827568,-0.24779644415913182,634628.23567149,1.9055457625869603,2.9629045949900465,89.39263085855839,-97136.37313793189
233.49999999999997,124,109.97142166758948,42.06609051954385,-4.362264126834265,-551478.244494819,-28.20102347079998,112.253534163105,-0.24703136399522566,640958.7817969015,1.9096860248927803,2.958740125267716,89.38707081286023,-97105.00963844053
233.49999999999997,125,110.0290023014575,42.016863724920675,-4.361718605009022,-555864.5906787612,-28.292221963607137,112.31595948919379,-0.2462789259700743,647131.3172227422,1.9138523896928852,2.9545963521844874,89.38181019056172,-97075.11773918358
233.49999999999997,126,110.08729631874591,41.96748452453172,-4.36119903861607,-560136.7803312219,-28.383985734718106,112.3790817587891,-0.24553909426236914,653143.538861833,1.9180417813879482,2.9504753319117776,89.37683326086913,-97046.66034538999
233.49999999999997,127,110.14625080167625,41.91797061442592,-4.360704734047284,-564293.2052640312,-28.47626046910075,112.4428449152256,-0.24481271730854182,658993.1708840234,1.922253545879498,2.9463765341487727,89.37212446895943,-97019.6263929997
233.49999999999997,128,110.20581283323024,41.86833974173394,-4.360234853050689,-568332.3024604288,-28.568991863985946,112.50719318689293,-0.24409977193866353,664677.9476422712,1.926485150596005,2.9423016289223414,89.3676685509503,-96993.99407437301
233.49999999999997,129,110.2659299605316,41.81860996363342,-4.3597887773772435,-572252.4840063946,-28.66212539505941,112.57207090971947,-0.24340055514255357,670195.6212635074,1.9307383494352077,2.938248813661464,89.36345051472001,-96969.71882662988
233.49999999999997,130,110.32654989616137,41.76879948892567,-4.359365771175279,-576052.1983538346,-28.755606686014726,112.6374228342305,-0.2427154650633476,675543.9626108705,1.9350084406778012,2.9342206055344655,89.3594556513566,-96946.78382076295
233.49999999999997,131,110.38762082097266,41.71892665130996,-4.358965007692769,-579729.8991811095,-28.84938118609737,112.70319390935211,-0.2420446128445057,680720.7640839692,1.9392946872644483,2.9302171378951343,89.35566956281976,-96925.15706122
233.49999999999997,132,110.4490911725759,41.66901008651412,-4.358585978029272,-583284.0606642046,-28.94339452800764,112.76932956902834,-0.24138841223373117,685723.8422607725,1.9435961441295935,2.92623879322299,89.35207819289685,-96904.81128230538
233.49999999999997,133,110.51090997822632,41.61906846955133,-4.358227895171328,-586713.1758775273,-29.037592331123225,112.83577561458662,-0.24074707865891182,690551.0391654236,1.9479099223489391,2.922286908113485,89.34866785388647,-96885.71504810665
233.49999999999997,134,110.5730267229027,41.56912070981647,-4.357890105002654,-590015.7577948925,-29.131920480352086,112.90247843191332,-0.24012097808766517,695200.2267205121,1.9522387670088093,2.918359152520487,89.34542522184367,-96867.83741226514
233.49999999999997,135,110.63539147617686,41.51918582234754,-4.357571987845873,-593190.3383279954,-29.226324956380466,112.96938489740455,-0.2395103089656121,699669.3064427403,1.9565760810658073,2.914459799079783,89.3423373987058,-96851.14716187677
233.49999999999997,136,110.697954949106,41.46928292124813,-4.357272930797731,-596235.4810603163,-29.320752214835856,113.03644267709221,-0.23891530366514993,703956.2116491057,1.9609216842249517,2.910588300061329,89.3393918884794,-96835.60764905665
233.49999999999997,137,110.76066855081332,41.419431464216544,-4.356992325583506,-599149.7612711086,-29.41514888000616,113.10359997662094,-0.23833615247069578,708058.926927383,1.9652748777687459,2.906744889447213,89.33657665914792,-96821.18440710485
233.49999999999997,138,110.82348448726545,41.369650266509105,-4.35672956769743,-601931.781573866,-29.50946188489083,113.17080577326149,-0.23777326840446353,711975.4408140614,1.9696347154570566,2.9029298210371706,89.33388008270542,-96807.86225684012
233.49999999999997,139,110.88635564389675,41.319959220825766,-4.356484093321873,-604580.1975641579,-29.60363880879923,113.23800996286664,-0.2372267526975049,715703.8208009168,1.9739971347961862,2.899145397420367,89.33129108497104,-96795.57883783839
233.49999999999997,140,110.9492358799586,41.27037763053921,-4.3562554420391235,-607093.6697211298,-29.697627440075767,113.30516312674837,-0.23669714637802078,719242.157510767,1.9783613841313554,2.8953917940073124,89.32879904068342,-96784.31184153908
233.49999999999997,141,111.01208001480843,41.220924925510495,-4.356042922969583,-609470.8994052905,-29.791376444544262,113.37221700948172,-0.23618414857070036,722588.591349844,1.9827273105981862,2.8916688229144123,89.3263938414277,-96774.02328871528
233.49999999999997,142,111.07484361757602,41.17162075296812,-4.355846235115089,-611710.6200725877,-29.884834901457797,113.439124208032,-0.23568846894148057,725741.3120563234,1.9870920535959582,2.88797810958753,89.32406591626547,-96764.67901674737
233.49999999999997,143,111.1374836865667,41.12248441772891,-4.355664705177741,-613811.6023366107,-29.977952534162142,113.50583836017728,-0.23521006902733976,728698.5595738286,1.9914535351159777,2.884320785278786,89.3218062275628,-96756.23703412674
233.49999999999997,144,111.19995785282599,41.07353557772308,-4.355498080005955,-615772.6552822611,-30.0706799147262,113.57231430067276,-0.23474908757164872,731458.626990941,1.9958110885011273,2.880696964638003,89.31960630099898,-96748.66471185414
233.49999999999997,145,111.26222523499398,41.02479355507221,-4.355345846273581,-617592.623536769,-30.162968335171666,113.63850797631441,-0.2343059337917371,734019.8643552187,2.0001619090357714,2.877108205958176,89.31745822935649,-96741.91992514125
233.49999999999997,146,111.32424590593487,40.976277804778974,-4.355207577821369,-619270.3925486268,-30.25477007318968,113.70437666358971,-0.2338807543688525,736380.6789794901,2.0045030492095046,2.8735563867421035,89.31535469492624,-96735.96650349484
233.49999999999997,147,111.38598149263817,40.928007429015715,-4.355082955308632,-620804.8911567274,-30.346037954031488,113.76987867274315,-0.2334735747382628,738539.5376566455,2.008836385121888,2.8700399924240996,89.31328895666455,-96730.76625803525
233.49999999999997,148,111.44739459567056,40.880001709776934,-4.354971649893692,-622195.0921370937,-30.436726258575323,113.83497397593759,-0.23308467737876895,740494.9719948537,2.0131575130154182,2.866561867745609,89.3112549072844,-96726.28381363334
233.49999999999997,149,111.50844929373073,40.832279644374964,-4.3548733918088525,-623440.0138796206,-30.526790076147623,113.89962380865285,-0.2327143604326003,742245.5766967377,2.0174657187843987,2.8631220539553963,89.3092470256014,-96722.47498025782
233.49999999999997,150,111.56911113726584,40.78486003401361,-4.354787763756218,-624538.7153363054,-30.61618533199389,113.96379065881797,-0.23236256264633734,743790.0144064531,2.0217581614857565,2.8597225160636017,89.30726044000168,-96719.30459742037
233.49999999999997,151,111.62934710090984,40.73776150166193,-4.354714572155397,-625490.3131630748,-30.704869646144505,114.0274389007479,-0.23202943362516257,745127.016285236,2.026034477007931,2.8563633228189107,89.3052908927453,-96716.73448792032
233.49999999999997,152,111.68912560180827,40.69100251211213,-4.354653657935273,-626293.9654849385,-30.792801402736554,114.090534148675,-0.23171521474337528,746255.384883932,2.0302918851427063,2.853046118509613,89.30333477866871,-96714.72517027412
233.49999999999997,153,111.74841647841134,40.64460137309536,-4.354604766080029,-626948.8840200463,-30.879940437752122,114.15304373440104,-0.23142004680439204,747173.9962351124,2.0345281736032206,2.8497725587089278,89.30138914098427,-96713.23837346432
233.49999999999997,154,111.80719143414356,40.598575890380964,-4.354567719657372,-627454.3334116569,-30.96624792979528,114.21493666751398,-0.23114411164522627,747881.800217945,2.038742648469546,2.8465428074975283,89.29945165182724,-96712.23670293148
233.49999999999997,155,111.86542352576033,40.55294383167381,-4.354542488281663,-627809.6278675441,-31.051686280472115,114.2761835265334,-0.23088723424368057,748377.8239917683,2.0429339289988775,2.8433576881669724,89.29752066268686,-96711.68158729757
233.49999999999997,156,111.92308773512829,40.507722441575595,-4.354528858657795,-628014.1408141687,-31.13621940788388,114.33675669426648,-0.2306495897873876,748661.1720226926,2.0470994775750166,2.840219110727671,89.29559516897116,-96711.5387792843
233.49999999999997,157,111.98016055098114,40.46292873503495,-4.354526781265605,-628067.2972957682,-31.21981280729458,114.39663037704246,-0.2304316019991169,748731.0304263666,2.0512370847378887,2.837128430813357,89.29367483923306,-96711.76914387551
233.49999999999997,158,112.03662012755689,40.41857947896062,-4.354536235779139,-627968.5785349972,-31.30243342969595,114.45578055552134,-0.23023293797910033,748586.6648317155,2.055344579280966,2.834087082403657,89.29175999678898,-96712.33516744031
233.49999999999997,159,112.09244655770803,40.37469085326987,-4.354557220722825,-627717.522940143,-31.384049741897385,114.51418499097531,-0.2300539422181528,748227.4241212297,2.059422227107346,2.8310949262821574,89.28985162164821,-96713.20332061895
233.49999999999997,160,112.1476216704085,40.3312787567866,-4.354589773589525,-627313.7316153089,-31.464631959485928,114.57182343637805,-0.22989445247033324,747652.7403565112,2.063467396681723,2.8281538644723385,89.28795135895287,-96714.33743590313
233.49999999999997,161,112.20212904359671,40.288358637011655,-4.354633900906847,-626756.8555523145,-31.54415164328176,114.62867730268088,-0.22975462550464792,746862.1309348253,2.067478715886371,2.8252647061248646,89.28606151989999,-96715.70548882622
233.49999999999997,162,112.2559542039954,40.2459454696343,-4.35468974257854,-626046.6138308336,-31.622582604199973,114.68473032722515,-0.22963436881349697,745855.1990599043,2.071453200761479,2.8224299114235367,89.28418506908133,-96717.27233675888
233.49999999999997,163,112.30908434362993,40.20405388650283,-4.354757373891311,-625182.780444616,-31.69990003594502,114.73996795972813,-0.22953403961572733,744631.6343950318,2.0753899996706955,2.8196498987076977,89.28232561733462,-96719.00307165436
233.49999999999997,164,112.36150892760094,40.162697719826774,-4.354836901899382,-624165.1918392299,-31.776080813348933,114.79437754291355,-0.2294531038779328,743191.2135779939,2.07928864185271,2.8169251330289984,89.28048742333247,-96720.8722356955
233.49999999999997,165,112.4132189207052,40.12189060820392,-4.354928686088649,-622993.7434679526,-31.85110399720363,114.84794868975524,-0.2293921457088245,741533.8018233363,2.083147014255046,2.8142573350033246,89.27867539335097,-96722.84489875048
233.49999999999997,166,112.46420725169426,40.081645630408126,-4.355032746084621,-621668.3902109311,-31.92495024279561,114.90067284032233,-0.22935077199568554,739659.3530566432,2.0869600797419015,2.811650024662518,89.27689507714074,-96724.88712218787
233.49999999999997,167,112.51446908562609,40.041975043107435,-4.355149425025126,-620189.156562541,-31.997602182854816,114.95254354894202,-0.22932917930342125,737567.9084800148,2.0907317938781373,2.8091007199882494,89.27515262526224,-96726.98019144194
233.49999999999997,168,112.56400108904906,40.002890894461494,-4.355278944543067,-618556.117966117,-32.069044146672965,115.00355625638218,-0.2293270201025788,735259.5991959521,2.094455964423333,2.806613922147518,89.27345483573319,-96729.08824273715
233.49999999999997,169,112.61280213178603,39.96440441243016,-4.355421654709399,-616769.4167586318,-32.13926268998978,115.05370865493218,-0.2293445343342228,732734.6455849697,2.0981343757556252,2.804188599792368,89.27180909205464,-96731.18843135316
233.49999999999997,170,112.6608729958647,39.92652627592551,-4.3555779131872,-614829.2586346191,-32.208246128098864,115.10300037619857,-0.22938148986351306,729993.3554450002,2.1017642345609784,2.801826828147677,89.2702233873727,-96733.25688665119
233.49999999999997,171,112.70821630707424,39.889266584187446,-4.355747922644104,-612735.904626192,-32.275984680647774,115.1514330340923,-0.22943781003558425,727036.1267625507,2.1053435021048337,2.799530346984835,89.26870630596709,-96735.26792371293
233.49999999999997,172,112.75483658942932,39.85263485715339,-4.355932291716972,-610489.6818222519,-32.34247081332115,115.19901049480923,-0.22951379404248906,723863.4456427924,2.1088716847756697,2.797299828514788,89.26726699524562,-96737.19898178295
233.49999999999997,173,112.80074038141788,39.816639876530274,-4.356131244400986,-608090.9743867324,-32.407698621069045,115.24573842021762,-0.22960896150380108,720475.8848926307,2.1123473273970217,2.795136589423439,89.26591517122318,-96739.03088176396
233.49999999999997,174,112.84593612086232,39.78128980098193,-4.356345364698887,-605540.2287406223,-32.471664337694875,115.29162459520131,-0.22972329035347874,716874.105431459,2.1157680532234817,2.7930425128499126,89.26466109447296,-96740.7423914971
233.49999999999997,175,112.89043398879218,39.74659221265549,-4.356575069609967,-602837.9517496201,-32.5343661759389,115.33667881244251,-0.22985667197060822,713058.8540934535,2.119133695188922,2.7910182097326293,89.2635155580546,-96742.31749304109
233.49999999999997,176,112.93424619933377,39.712553936519875,-4.356820811604631,-599984.7058991012,-32.59580437573094,115.38091289647474,-0.2300090682371938,709030.9638816275,2.122441742708126,2.7890656379433896,89.26248987110411,-96743.73878913268
233.49999999999997,177,112.97738667098066,39.67918120743738,-4.357083203298846,-596981.1167050628,-32.655981035212726,115.42434054855494,-0.23018018447395355,704791.351454381,2.125693054375533,2.7871845255255177,89.26159583883009,-96744.9903228374
233.49999999999997,178,113.0198712738564,39.6464794943912,-4.357362717598792,-593827.8618385298,-32.7149003457397,115.46697752006132,-0.23037006495455353,700341.0185000753,2.1288842850328757,2.7853777533819626,89.2608457600665,-96746.06121970307
233.49999999999997,179,113.06171753397516,39.614453690670516,-4.357659995598457,-590525.6812790596,-32.77256826374247,115.5088413363969,-0.23057859942718398,695681.0475146349,2.1320133527679546,2.783647258113023,89.26025239446602,-96746.93871129364
233.49999999999997,180,113.10294479016883,39.58310795553687,-4.3579755268627665,-587075.3674730513,-32.82899277610223,115.54995147619566,-0.23080536612151928,690812.6022014508,2.13508327890707,2.7819910164531976,89.2598289321512,-96747.61142497635
233.49999999999997,181,113.14357413695308,39.5524457470056,-4.358310052446499,-583477.7700569136,-32.884183988692406,115.59032942250971,-0.23105028288571444,685736.9261321179,2.1380902875454897,2.7804123799638174,89.25958901008887,-96748.07332221343
233.49999999999997,182,113.18362841910935,39.52246978798178,-4.358664188703264,-579733.7900757422,-32.93815355195116,115.62999821645151,-0.23131338645369168,680455.3413519484,2.141031729159698,2.7789133926310705,89.25954667557029,-96748.31727364793
233.49999999999997,183,113.223131855649,39.49318233089533,-4.359038507603117,-575844.3812854695,-32.9909151097649,115.66898276864902,-0.2315941623678063,674969.244580085,2.143910258956722,2.777493139287967,89.25971634330656,-96748.34034454792
233.49999999999997,184,113.26211059565661,39.464584687663454,-4.359433725856743,-571810.5534775354,-33.042484249062795,115.70730979448524,-0.23189274299466786,669280.108887732,2.146720403748432,2.7761555456726144,89.26011281219111,-96748.13552246527
233.49999999999997,185,113.3005920080455,39.43667777277619,-4.359850560416109,-567633.3611016172,-33.09287817757197,115.74500756080987,-0.23220871597586645,663389.4791807092,2.149465381902334,2.774898894778876,89.26075121382294,-96747.70393109412
233.49999999999997,186,113.3386052845619,39.409461480661946,-4.360289721304244,-563313.9095231472,-33.142115911851754,115.7821060082706,-0.23254195738429495,657298.9759283789,2.152141904288815,2.773726070651443,89.26164700904222,-96747.04585427484
233.49999999999997,187,113.37618097648584,39.382935480805315,-4.3607519402678365,-558853.354711618,-33.19021828359372,115.81863669669087,-0.2328922833730068,651010.2719127991,2.1547501490733043,2.772637493290112,89.26281595489938,-96746.16655031338
233.49999999999997,188,113.41335084081635,39.35709840377166,-4.361237923884678,-554252.8973454295,-33.23720761978193,115.854632609658,-0.23325922005881805,644525.1311380336,2.1572882597967467,2.7716349490754397,89.26427409059119,-96745.06454925354
233.49999999999997,189,113.45014818842847,39.33194843310545,-4.3617484736794685,-549513.7788598152,-33.283108060246285,115.89012830409008,-0.2336429145936463,637845.3671547113,2.159755038033521,2.770719737056777,89.26603770915888,-96743.7530267496
233.49999999999997,190,113.48660752505725,39.30748322179351,-4.362284299665682,-544637.294759897,-33.327945372424985,115.92515972918807,-0.23404275578326214,630972.8590274265,2.162153297487931,2.7698906105987726,89.26812332412571,-96742.22612185351
233.49999999999997,191,113.52276452561664,39.28369932519994,-4.362846294017939,-539624.7678897275,-33.37174626313963,115.95976394820613,-0.2344587109030622,623909.5494977615,2.1644788649534674,2.769150935248965,89.27054766654415,-96740.51366438641
233.49999999999997,192,113.55865617031652,39.260593432519705,-4.363435142440746,-534477.5788647695,-33.41453969839895,115.99397955763808,-0.2348904676574287,616657.4386798767,2.1667319245103123,2.7685010669862584,89.27332765196212,-96738.60671870036
233.49999999999997,193,113.59432032616904,39.23816101399454,-4.364051726556279,-529197.126177954,-33.45635565740911,116.02784628602062,-0.23533790031090338,609218.5736428107,2.1689110654942674,2.7679427493324966,89.27648033843458,-96736.53881464268
233.49999999999997,194,113.62979608350152,39.21639731956052,-4.3646967938529775,-523784.8709119411,-33.49722534308964,116.06140483378155,-0.23580049075663406,601595.0733349959,2.1710159890033855,2.7674767107097993,89.28002293776592,-96734.30936441197
233.49999999999997,195,113.66512329378008,39.195296939960635,-4.365371120430147,-518242.29351950646,-33.537181506016154,116.09469715602958,-0.23627807197626982,593789.0960665881,2.1730486334056023,2.7671020400612325,89.28397274888982,-96731.93638683317
233.49999999999997,196,113.70034287002656,39.17485385331051,-4.366075603449959,-512570.9122969219,-33.57625800043266,116.12776610808963,-0.23677073568538456,585802.8538242669,2.175005730511146,2.7668218256048394,89.28834717284664,-96729.44471378275
233.49999999999997,197,113.73549635465685,39.15506161469877,-4.366811100905151,-506772.2830853544,-33.614489665821665,116.16065531536618,-0.2372775653813699,577638.6059284918,2.1768866440513417,2.7666367991417555,89.2931636517849,-96726.84713252127
233.49999999999997,198,113.77062607397312,39.13591347051585,-4.367578374116971,-500847.98440674006,-33.651912817044135,116.1934096162099,-0.23779880701828648,569298.6502361189,2.1786930122429515,2.7665467965890884,89.29843966660935,-96724.17794980644
233.49999999999997,199,113.80577495963253,39.11740161630376,-4.368378247810287,-494799.6408443002,-33.688564152459,116.22607395258345,-0.2383337829866595,560785.3445470526,2.1804219218647836,2.766554230686344,89.30419273415289,-96721.4439499447
233.49999999999997,200,113.84098669737577,39.09951842660681,-4.369211545099143,-488628.88941179554,-33.72448201610095,116.2586946157726,-0.2388823689442917,552101.0651714479,2.1820742437877305,2.766658996852426,89.31044028447475,-96718.69417935243
233.49999999999997,201,113.87630520302146,39.082255593384076,-4.3700791775511005,-482337.4069702766,-33.7597048218428,116.29131789872392,-0.239444345784469,543248.2536593622,2.1836495371129816,2.766862193182779,89.31719978198193,-96715.9164036276
233.49999999999997,202,113.91177509335483,39.0656042226752,-4.370981869175905,-475926.8827625321,-33.79427265447918,116.3239911449761,-0.24001936151503334,534229.3610309019,2.1851481492503004,2.7671639605488796,89.32448853883938,-96713.17616376356
233.49999999999997,203,113.94744102043346,39.04955538354684,-4.37192044878026,-469399.04681260925,-33.828225360634626,116.35676152312129,-0.24060711619025832,525046.890575794,2.1865692836233745,2.767565626085505,89.3323238467853,-96710.48728923692
233.49999999999997,204,113.98334802173238,39.034099621336566,-4.372895819654671,-462755.6432959526,-33.86160416508334,116.38967705273586,-0.2412072340631491,515703.3713580299,2.1879126303103176,2.7680677847054103,89.34072282892356,-96707.88366629575
233.49999999999997,205,114.01954133803427,39.01922704519629,-4.373908740380109,-455998.4433444596,-33.894450199516314,116.42278553048939,-0.2418194394678283,506201.3719244363,2.189176164051995,2.768672591441393,89.34970250763742,-96705.40031242985
233.49999999999997,206,114.0560662075909,39.004927820888504,-4.374960007838005,-449129.23701462377,-33.92680548494827,116.45613525509879,-0.24244363461060758,496543.4779414255,2.190363517756981,2.7693779979053454,89.35927967419937,-96703.06277076778
233.49999999999997,207,114.09296811730678,38.991190995720544,-4.376050363508694,-442149.8210377702,-33.95871220264465,116.48977442184264,-0.2430791932161115,486732.31046349043,2.191471857380062,2.770186604218192,89.36947095602049,-96700.92040237813
233.49999999999997,208,114.13029186713602,38.97800667687884,-4.37718068458415,-435062.04095060227,-33.9902128719213,116.52375124843265,-0.24372616065857028,476770.51441178477,2.1925013713939108,2.771098622789643,89.38029276540111,-96698.99902959018
233.49999999999997,209,114.16808273565655,38.965363697371934,-4.378351652886886,-427867.736477845,-34.021350201598,116.55811383867679,-0.24438388018385618,466660.75911688147,2.193452626020097,2.7721144928196044,89.3917612544549,-96697.34084368958
233.49999999999997,210,114.20638531050358,38.95325121218933,-4.379564090055268,-420568.7761893927,-34.052166888323534,116.59290998893371,-0.24505221809953237,456405.7355369991,2.194323985949804,2.7732358039611356,89.40389230730791,-96695.98528078772
233.49999999999997,211,114.24524414332916,38.941657843791596,-4.380818755242997,-413167.0292893982,-34.082705652727704,116.62818730631652,-0.24573086288318702,446008.15937269304,2.1951176943514787,2.774461276105345,89.4167015079197,-96694.97349287746
233.49999999999997,212,114.28470323890271,38.930572374786685,-4.382116231455489,-405664.3992336408,-34.11300944801183,116.66399307997368,-0.24641937225466337,435470.76074159425,2.1958319287338526,2.77579292996497,89.43020411844645,-96694.34808283056
233.49999999999997,213,114.3248059366069,38.91998344295566,-4.38345739712258,-398062.7957630904,-34.14312068114225,116.70037392607348,-0.24711779522098515,424796.29653557856,2.1964671185235773,2.7772308548637032,89.44441507385494,-96694.1516339774
233.49999999999997,214,114.3655953897742,38.90987942436305,-4.384842869693979,-390364.1384858186,-34.173081705425254,116.73737606889594,-0.24782523950359747,413987.5345824898,2.1970229715253593,2.778775680059952,89.45934892226181,-96694.42361922596
233.49999999999997,215,114.40711322065482,38.9002491671171,-4.386273308767567,-382570.3742278804,-34.2029344418475,116.77504500131865,-0.24854218433545583,403047.26437663304,2.1975004634791033,2.7804273604566156,89.4750198285693,-96695.2134624589
233.49999999999997,216,114.44940133466255,38.891080790009546,-4.387749354295042,-374683.4456128067,-34.23272056294412,116.81342553328483,-0.24926770853247734,391978.28906665987,2.1978992834222995,2.7821864199054143,89.49144152106403,-96696.56610260524
233.49999999999997,217,114.49250026205318,38.88236282248051,-4.3892716309494215,-366705.31737643864,-34.262481111517786,116.85256162987876,-0.2500014942497249,380783.4280789258,2.1982205118688487,2.7840524033058465,89.50862731508695,-96698.52160614863
233.49999999999997,218,114.53644960649528,38.87408377136992,-4.390840766092967,-358637.9640846377,-34.29225651567585,116.89249631560129,-0.2507436955282306,369465.5189739633,2.1984599448950792,2.7860288725598252,89.52659006980842,-96701.14523551222
233.49999999999997,219,114.5812879298902,38.866232401787705,-4.3924573160732985,-350483.37808925775,-34.32208669086624,116.93327171637029,-0.25149367303809544,358027.40791465435,2.1986225442313803,2.788112590410063,89.54534213005631,-96704.47159160553
233.49999999999997,220,114.62705266788477,38.85879749355897,-4.3941218259838095,-342243.5607244081,-34.35201048473799,116.97492867923646,-0.252251217887255,346471.96184497303,2.198707102385109,2.790304817257492,89.56489535837441,-96708.54502323164
233.49999999999997,221,114.67378039011257,38.85176762236269,-4.395834837634425,-333920.5165504529,-34.382066152513005,117.01750707786256,-0.25301602419933517,334802.05836251384,2.1987126197895366,2.792606475221831,89.58526108479563,-96713.42642289182
233.49999999999997,222,114.7215062616442,38.84513183685073,-4.397596881913158,-325516.27242967347,-34.41229107767952,117.06104554263617,-0.2537877185074676,323020.588859146,2.198639268064375,2.7950178433795694,89.6064500983091,-96719.16483317733
233.49999999999997,223,114.77026404684278,38.83887918536737,-4.399408288881095,-317032.8649357989,-34.44272131259501,117.10558114806648,-0.25456608346706794,311130.46176349395,2.198488073467748,2.7975385424371515,89.62847261148724,-96725.81043899189
233.49999999999997,224,114.82008573909283,38.832999865388516,-4.401269552643977,-308472.346092602,-34.473392095763984,117.15114983073896,-0.2553510743304456,299134.5994001838,2.198259910537489,2.8001679871993765,89.65133822814269,-96733.39441587059
233.49999999999997,225,114.87100268994904,38.827482721552634,-4.40318115658446,-299836.7729127604,-34.504337419785976,117.1977858686209,-0.2561419795381453,287035.93572090863,2.1979537449178093,2.8029074819139033,89.67505598749159,-96741.99368180784
233.49999999999997,226,114.92304414050463,38.822317932907985,-4.405143370733435,-291128.2207533651,-34.5355900272505,117.24552204558492,-0.25693880429944127,274837.4237156059,2.1975684423628192,2.805757668185446,89.69963426815016,-96751.65794495349
233.49999999999997,227,114.97623744971746,38.81749613591968,-4.407156491282786,-282348.7804084028,-34.56718098251856,117.29438925371075,-0.2577411211967072,262542.0344456403,2.197107437370338,2.808716400828133,89.72508080234286,-96762.41474992616
233.49999999999997,228,115.03060910306993,38.81300720022942,-4.409220919293262,-273500.55406384956,-34.59914094065566,117.34441730995867,-0.25854871352283415,250152.74176364808,2.1965675984649935,2.8117862228118247,89.75140266322562,-96774.35567890294
233.49999999999997,229,115.0861829507234,38.808842611866865,-4.411336796249122,-264585.6585103269,-34.63149782228135,117.3956334289761,-0.25936139385506285,237672.55780195957,2.195950780105559,2.814965850764189,89.77860623888314,-96787.505802813
233.49999999999997,230,115.14298141549486,38.804993888849154,-4.413504419937041,-255606.22750383883,-34.66427877743595,117.4480634673746,-0.26017872388879093,225104.4986247013,2.1952594585782417,2.8182532188782345,89.8066972016458,-96801.90534529586
233.49999999999997,231,115.2010250986395,38.80145235618196,-4.415723947931822,-246564.41001766376,-34.697508977039135,117.50173109559297,-0.2610005894426076,212451.60560332955,2.194489796906624,2.8216513832767527,89.83568052670854,-96817.63374311791
233.49999999999997,232,115.26033225214233,38.798210505077925,-4.417995474165034,-237462.37550621037,-34.731212205762986,117.55665819923144,-0.2618268476837227,199716.93867504213,2.1936439440887097,2.8251590433037745,89.86556043826025,-96834.73328509169
233.49999999999997,233,115.32091962891145,38.795260767174405,-4.42031913477964,-228302.3060018989,-34.765410328064895,117.61286449252799,-0.2626567380351789,186903.5778077679,2.192722004766135,2.8287756356809175,89.89634040200019,-96853.24956037932
233.49999999999997,234,115.38280115272147,38.79259662572794,-4.422694968893104,-219086.41316155688,-34.80012289753713,117.67036721026453,-0.2634904465119611,174014.63558548904,2.1917245012133058,2.832501017785505,89.92802313832422,-96873.2349644553
233.49999999999997,235,115.44598927797104,38.79021151934984,-4.42512296173679,-209816.9156838728,-34.8353687726237,117.72918216372824,-0.26432771642646596,161053.2316431188,2.190651648140416,2.8363348668500468,89.96061054055752,-96894.7463288529
233.49999999999997,236,115.51049379035943,38.788099790836206,-4.427603127398699,-200496.06090830124,-34.87116324253284,117.7893219151426,-0.26516823616287866,148022.53675513185,2.189502947416463,2.840277339506462,89.99410374697892,-96917.83533208488
233.49999999999997,237,115.57632254791383,38.78625607963485,-4.430135365921535,-191126.12135599868,-34.90752105137106,117.85079760532476,-0.26601171230476517,134925.72495598186,2.1882797157121874,2.8443273384324916,90.0285030648896,-96942.53849026519
233.49999999999997,238,115.64348087644872,38.78467573701898,-4.432719483248548,-181709.38930949837,-34.94445388563309,117.91361736071127,-0.26685790691878464,121766.01672625598,2.1869810596322794,2.848485228028693,90.06380798211836,-96968.92308793134
233.49999999999997,239,115.71197129956674,38.78335503332918,-4.435355394023043,-172248.18952306802,-34.98197167281161,117.9777871336723,-0.26770669829042637,108546.65764776448,2.1856082636997343,2.8527498547392875,90.10001713217872,-96997.02134377796
233.49999999999997,240,115.78179456964605,38.78229036862956,-4.438042866838202,-162744.86461482968,-35.020082223883314,118.04331045017494,-0.2685575850053545,95270.92526688121,2.184161390925229,2.857120722748397,90.13712831357691,-97026.8896164627
233.49999999999997,241,115.85294893623222,38.781478791871805,-4.440781528212929,-153201.78675886503,-35.05879079451019,118.11018805211233,-0.26941080202768036,81942.13887924064,2.18264100956988,2.8615973666979775,90.17513845173139,-97058.57155040032
233.49999999999997,242,115.92542931130082,38.78091862899314,-4.443571123534078,-143621.36698826775,-35.09810041940613,118.17841816929315,-0.270265787700277,68563.65105260024,2.1810468016304525,2.8661792992465123,90.21404360124266,-97092.11257268656
233.49999999999997,243,115.99922949136818,38.780607668837824,-4.446411223998704,-134006.02614479378,-35.13801218555941,118.24799664897415,-0.271122449519803,55138.84694729034,2.1793789801547976,2.870866125389309,90.25383892926165,-97127.5701061876
233.49999999999997,244,116.07433858239823,38.780546417904716,-4.449301560167923,-124358.25770085439,-35.178524351366804,118.31891648503931,-0.27198057041365953,41671.17076802174,2.177639364874822,2.8756557880385776,90.29451872022196,-97164.94684257485
233.49999999999997,245,116.15074550050448,38.78073354848937,-4.452241505012195,-114680.5281946985,-35.2196331219139,118.39116793038826,-0.2728397663481161,28164.08369791115,2.175826205496284,2.8805492356080533,90.33607634545143,-97204.34851471231
233.49999999999997,246,116.22843463208645,38.78117031223689,-4.455230532753187,-104975.40033237578,-35.26133131043841,118.46473810897986,-0.27370017233852095,14621.125094476858,2.1739407992390083,2.885545001529288,90.37850427760264,-97245.77485699556
233.49999999999997,247,116.30738775559172,38.781858490813384,-4.458268140871647,-95245.4445798076,-35.30361217783009,118.53961339518712,-0.2745613984196496,1045.8289086153568,2.171983688501034,2.8906417582898802,90.42179402563463,-97289.26624219578
233.49999999999997,248,116.38758522554271,38.782799626206014,-4.461353616908865,-85493.26284794009,-35.34645851028652,118.6157715236284,-0.2754233293877932,-12558.101042896775,2.169954300316064,2.895839535675919,90.46593623089196,-97334.88360238796
233.49999999999997,249,116.46900320220345,38.78399711511272,-4.4644862802741505,-75721.51636053756,-35.389862229773904,118.6931959715826,-0.2762857384998845,-26187.086101123805,2.167855286916247,2.901135390954363,90.51092056215533,-97382.63136087374
233.49999999999997,250,116.55161665603836,38.78545391315782,-4.4676654158458575,-65932.88124015072,-35.43380429326831,118.77186122508634,-0.27714834889376955,-39837.36429740373,2.165685071563059,2.9065298467215523,90.55673576943933,-97432.56530556049
233.49999999999997,251,116.63539499163997,38.78717571569365,-4.470890206366969,-56130.11974515923,-35.47826540674365,118.85174058374584,-0.2780111483713657,-53505.158065882286,2.163444517780062,2.912021278886874,90.60336965731882,-97484.71877473727
233.49999999999997,252,116.72030776140808,38.78916694672184,-4.474159769597797,-46315.9926302714,-35.52322349238959,118.93280435743291,-0.27887386126929864,-67186.62746657748,2.161132816672356,2.917609616044517,90.65080908448799,-97539.13082370821
233.49999999999997,253,116.80632038528131,38.79143368298857,-4.477473235560739,-36493.32458783222,-35.56865489486116,119.01502069756317,-0.2797364788242627,-80877.88961990473,2.1587540682313353,2.9232908549431955,90.69903994904776,-97595.8005327822
233.49999999999997,254,116.89339549711565,38.79398276009179,-4.480829575238708,-26664.986744910024,-35.61453150991162,119.09835352621553,-0.2805985646389793,-94574.97528415108,2.1563057812749236,2.9290655131622274,90.74804721254571,-97654.7764263399
233.49999999999997,255,116.98149336185978,38.79682146102621,-4.484227834216628,-16833.890174790857,-35.66082379754961,119.18276471706689,-0.2814603175561352,-108273.86836031468,2.153787910430929,2.9349330593100422,90.79781488399999,-97716.09759743563
233.49999999999997,256,117.07057001285689,38.799958876613125,-4.487666868650365,-7003.015564238032,-35.70749884115388,119.26821269260599,-0.2823212172080677,-121970.47958845072,2.1512025893750852,2.940890415800877,90.84832600768073,-97779.76227861231
233.49999999999997,257,117.1605766086348,38.80340638431988,-4.491145504871684,2824.575398293938,-35.75452193189949,119.35465357812875,-0.28318129630819083,-135660.6663576592,2.1485507490851807,2.946936042492809,90.89956268469918,-97845.7985216962
233.49999999999997,258,117.25147442794622,38.80716660880796,-4.494662609463148,12645.97036144841,-35.80185523490092,119.442040225392,-0.2840404289438874,-149340.21092508044,2.1458311911297434,2.9530694548674163,90.95150606772829,-97914.23265159295
233.49999999999997,259,117.34320428944763,38.81125594267785,-4.498216966146413,22457.933768640436,-35.84945834501209,119.53032262604947,-0.2848984475330228,-163004.8299733282,2.1430449928298976,2.9592885072693726,91.00413635755625,-97985.08084249982
233.49999999999997,260,117.43571232753168,38.81568556574576,-4.501807168514068,32257.3027358583,-35.897287712054066,119.61944749092598,-0.285755124684291,-176650.1613756242,2.1401932973269546,2.9655912789380197,91.05743281208885,-98058.35297201698
233.49999999999997,261,117.52894175834909,38.82046752310843,-4.505431903039916,42040.86007337622,-35.94529805617307,119.70935929243699,-0.2866104817454528,-190271.78631478388,2.137276877772452,2.971975519576776,91.11137374518255,-98134.04640223076
233.49999999999997,262,117.62283370113337,38.825614132250855,-4.50908971750109,51805.3456938047,-35.99344120908017,119.79999943214114,-0.28746427745556136,-203865.21060800273,2.134295710443154,2.9784401464599766,91.1659365471882,-98212.19107425668
233.49999999999997,263,117.71732594484214,38.83113888061531,-4.512779114186213,61547.43746991385,-36.04166654813047,119.89130654749047,-0.28831659996651754,-217425.8692605992,2.1312510646235197,2.9849824898986537,91.22109766949319,-98292.77543229984
233.49999999999997,264,117.81235285048689,38.83705654001845,-4.516498608894565,71263.7478019559,-36.08992080995524,119.98321639744371,-0.28916691903398584,-230949.12365413047,2.1281435287313037,2.9916007571703216,91.27683265852235,-98375.81693556462
233.49999999999997,265,117.90784668283955,38.843382166211185,-4.520246520736964,80950.84397634608,-36.13814836880445,120.07566207461103,-0.29001546034158265,-244430.2645714844,2.124973447211708,2.9982929074857534,91.3331161337446,-98461.30388308578
233.49999999999997,266,118.00373748393415,38.85013123962627,-4.52402132230425,90605.24619487065,-36.18629080425833,120.16857367951457,-0.29086185219721045,-257864.5052413928,2.121742064762845,3.0050565496359596,91.38992183044984,-98549.23208230389
233.49999999999997,267,118.0999522198457,38.857320247978436,-4.5278211747881345,100223.4149052325,-36.23428853735721,120.26187960529205,-0.2917062458455612,-271247.00417639635,2.1184492192117426,3.0118900066905065,91.44722258139412,-98639.61575918215
233.49999999999997,268,118.1964154890901,38.864966273583335,-4.531644420481615,109801.75649374114,-36.28207831882815,120.35550457108911,-0.29254834769117083,-284572.82999557746,2.1150966835163008,3.0187902797008723,91.50499035146103,-98732.4242998197
233.49999999999997,269,118.29304965316616,38.87308686661417,-4.535489222370871,119336.63004276992,-36.329595518916726,120.44937142291626,-0.29338810182910724,-297836.99244716874,2.1116853336529275,3.025754932211357,91.56319623998766,-98827.6482868884
233.49999999999997,270,118.38977482714206,38.881699998921505,-4.539353661436861,128824.35160124616,-36.37677339718496,120.54340070114971,-0.2942253123426122,-311034.43439345894,2.1082167955819564,3.032780818429808,91.62181049569101,-98925.26200999464
233.49999999999997,271,118.48650869971286,38.890824401049336,-4.5432358934228105,138261.17411465434,-36.42354261183013,120.6375099964448,-0.29505993567991623,-324160.02133531414,2.1046910237843273,3.0398659845884604,91.6808025361713,-99025.25318177584
233.49999999999997,272,118.58316655321758,38.90047938567785,-4.547133996133852,147643.30597999573,-36.46983243193911,120.73161516767355,-0.29589215165326754,-337208.5624214383,2.1011076726167097,3.0470089822677577,91.74014097314813,-99127.62523712612
233.49999999999997,273,118.67966233416617,38.910684188833116,-4.551045787556304,156966.91981483923,-36.51557005902165,120.82562971730249,-0.29672141676638086,-350174.8008446768,2.0974701071323603,3.0542051810360453,91.79979360894838,-99232.31722279669
233.49999999999997,274,118.77590738881428,38.921459069796754,-4.554969311338943,166228.13316467084,-36.56068083636927,120.91946509525349,-0.2975478670122817,-363053.41494155483,2.0937778879198645,3.061452748674839,91.85972746624516,-99339.31537312988
233.49999999999997,275,118.87181169018541,38.932823609736374,-4.558902453179829,175423.0323002962,-36.605088697448934,121.01303051754837,-0.2983713325644009,-375839.033372824,2.090033105320562,3.068748102894272,91.91990884833149,-99448.57713636466
233.49999999999997,276,118.96728265472312,38.94479925362776,-4.5628430829402875,184547.64516837057,-36.648715690332004,121.10623371244282,-0.29919156810196906,-388526.2167933332,2.086237446852284,3.076088016813086,91.98030327303614,-99560.05889380496
233.49999999999997,277,119.06222610279464,38.957407000080366,-4.566788937328928,193597.96590424285,-36.69148277206011,121.19898045964035,-0.3000089119420041,-401109.4826935049,2.0823908525188317,3.083470111426483,92.04087558816586,-99673.73547960584
233.49999999999997,278,119.15654734428576,38.97066747161271,-4.570737761115037,202569.97089102175,-36.73330932431233,121.29117478817446,-0.3008227983737285,-413583.2945486236,2.078493723688702,3.0908918927860833,92.10158994414151,-99789.5724986986
233.49999999999997,279,119.25014920786359,38.98460220592996,-4.57468735111906,211459.58562530007,-36.774113545797775,121.38271920796647,-0.30163345754077747,-425942.0692633003,2.0745500682323006,3.0983479909001135,92.16240982607908,-99907.48312903715
233.49999999999997,280,119.34293396145617,38.99923231701044,-4.578635255121219,220262.71930537096,-36.813812997175326,121.47351508373065,-0.3024406591980061,-438180.19124997716,2.0705582430108445,3.1058375275391565,92.22329811841226,-100027.46051621043
233.49999999999997,281,119.43480273342776,39.01457884668701,-4.58257927732324,228975.2569643704,-36.85232390612816,121.56346222602991,-0.30324432583710975,-450291.9988918973,2.0665223446143837,3.1133549190163023,92.28421706734873,-100149.41039649532
233.49999999999997,282,119.52565376984909,39.030664455425345,-4.586516913706773,237593.02601426683,-36.88956189256965,121.65245943908639,-0.3040443230520661,-462271.8015619176,2.0624428029175146,3.1208976092735656,92.34512838031391,-100273.28393356291
233.49999999999997,283,119.61538650726602,39.0475098921042,-4.590445737944318,246111.87163547345,-36.925442089434135,121.74040457795186,-0.30484068514556273,-474113.88462404336,2.0583192735482845,3.1284632338261837,92.40599322195405,-100399.04925277694
233.49999999999997,284,119.70390011697384,39.06513545179824,-4.594363300422236,254527.6416969496,-36.959878958675304,121.82719452932903,-0.3056333046956606,-485812.5084441772,2.0541572122604124,3.1360453233406407,92.46677221846886,-100526.5765030987
233.49999999999997,285,119.79109086327679,39.08356311529022,-4.598267058854237,262836.118588307,-36.99278679926008,121.91272559349692,-0.3064217612940854,-497361.91661728686,2.0499536083857155,3.1436434290336477,92.52742557876705,-100655.86370676522
233.49999999999997,286,119.87685577666807,39.10281368996187,-4.602154582168988,271033.1107510509,-37.024079881705084,121.99689355766452,-0.30720622771936307,-508756.3502576024,2.0457140467470705,3.1512512079882904,92.58791304127725,-100786.78613287657
233.49999999999997,287,119.96109221051421,39.12290700398519,-4.606023240907741,279114.43062982906,-37.05367273654512,122.07959408280368,-0.30798667931145185,-519990.0442560521,2.0414383761221857,3.158865996313544,92.64819395697515,-100919.28309905069
233.49999999999997,288,120.04369638614105,39.14386340176508,-4.609870508002399,287075.87783605437,-37.08147929911774,122.16072199132182,-0.3087630097655466,-531057.2262697939,2.037127783614181,3.1664841629872345,92.7082273148098,-101053.28068451899
233.49999999999997,289,120.1245654209293,39.16570210183761,-4.613693780195769,294913.27607174154,-37.10741453795692,122.24017255241715,-0.30953481372415864,-541952.1436344181,2.0327848026267845,3.174101316077694,92.76797179290678,-101188.6888636374
233.49999999999997,290,120.20359594015756,39.18844231380475,-4.617490499825055,302622.44854845514,-37.13139420673508,122.31784133433266,-0.31030209855215407,-552669.0645749146,2.028409538062231,3.1817148035571488,92.82738578395234,-101325.4418386209
233.49999999999997,291,120.28068555061343,39.21210218192099,-4.621257979414966,310199.2484473775,-37.15333424687853,122.39362382209438,-0.31106502783982865,-563202.2710111139,2.0240078341936414,3.189317593626644,92.88642742771019,-101463.38857195493
233.49999999999997,292,120.35573118865975,39.23670011077555,-4.624993643604299,317639.5304870183,-37.173152100020786,122.46741640767117,-0.31182328443179547,-573546.0868720284,2.0195770322122995,3.1969088094254197,92.94505469800774,-101602.49803329079
233.49999999999997,293,120.42863348576498,39.26225158204706,-4.628694765657744,324939.2345045938,-37.19076591614143,122.53911586292449,-0.31257669953777484,-583694.8676205261,2.015121518004164,3.2044826217982876,93.00322539716994,-101742.64093475993
233.49999999999997,294,120.49929028308166,39.28877398774999,-4.632358815305534,332094.2659937784,-37.20609542235152,122.60862002220163,-0.3133253309636459,-593643.0204598145,2.010643948457258,3.2120343027014524,93.06089722279187,-101883.70209117125
233.49999999999997,295,120.56760324858155,39.31628196477552,-4.635983018966137,339100.61910486384,-37.21906162863855,122.67582760966043,-0.3140687377616368,-603385.0054853382,2.0061443798731373,3.219561057079896,93.11802782379972,-102025.60547392724
233.49999999999997,296,120.63347443047314,39.344789319352294,-4.639564826037493,345954.3372109599,-37.22958749572169,122.74063882155144,-0.3148071524246951,-612915.3469684288,2.001625498737507,3.227058136057004,93.17457482934682,-102168.23852517817
233.49999999999997,297,120.69680714406202,39.37430979117911,-4.643101565387815,352651.48447596096,-37.237597525052394,122.80295496526443,-0.31554024655776325,-622228.6397676524,1.9970891839892515,3.234521404317699,93.23049590136169,-102311.49116993167
233.49999999999997,298,120.75750610492699,39.40485568246471,-4.646590578833785,359188.19962515024,-37.24301861375614,122.86267925951485,-0.31626785832994886,-631319.5623231378,1.9925378452726163,3.241946242319253,93.28574878204948,-102455.24657408515
233.49999999999997,299,120.81547911748754,39.43643731952191,-4.650029274336615,365560.70629736467,-37.24578000144117,122.91971677795166,-0.3169900017720973,-640182.8836033938,1.9879725242264794,3.249329273233067,93.34029135715853,-102599.40774895504
233.49999999999997,300,120.87063492144661,39.46906462090822,-4.65341495311278,371765.2790780669,-37.2458129907748,122.97397430812076,-0.31770640164338254,-648813.4627682096,1.9833971688841732,3.2566646995572537,93.39408167969127,-102743.82763513365
233.49999999999997,301,120.92288418223734,39.502746412087326,-4.656745100053724,377798.26617902896,-37.24305164963778,123.02536093197075,-0.3184169465153782,-657206.2681381938,1.9788120373562363,3.263949725558372,93.44707804744498,-102888.42169503207
233.49999999999997,302,120.97214185598237,39.53748872838274,-4.660017098877019,383656.13660709525,-37.23743292018546,123.07378813788415,-0.3191214058815954,-665356.3834826344,1.9742213059383211,3.2711784422985946,93.49923903093695,-103033.03105515105
233.49999999999997,303,121.01832305300356,39.57329798898509,-4.663228399489721,389335.4038369626,-37.22889665209679,123.11916991363918,-0.31981973517979717,-673259.0134895168,1.969625121823497,3.2783479369923785,93.5505235429944,-103177.5692214766
233.49999999999997,304,121.06134691202111,39.61017816053397,-4.666376513549172,394832.70321160025,-37.21738562188175,123.16142280779465,-0.32051166747933796,-680909.4910393846,1.9650273006742185,3.285452948688676,93.60089087786635,-103321.88982209029
233.49999999999997,305,121.10113496681801,39.64813207338197,-4.669458860107563,400144.76280499884,-37.20284617529781,123.2004664521336,-0.3211970727727355,-688303.2926631283,1.960427556836222,3.2924907045103957,93.6503007760778,-103465.902943604
233.49999999999997,306,121.13761246273596,39.687160495697405,-4.6724729818366315,405268.43278520566,-37.185227708522795,123.23622323335765,-0.3218758082127672,-695436.0342385911,1.9558316620489697,3.2994543572696946,93.69871344757712,-103609.42532961314
233.49999999999997,307,121.170707373257,39.727262919069574,-4.675416507200104,410200.6667307665,-37.16448360155941,123.2686190420261,-0.32254749703651237,-702303.4952388986,1.9512373110500494,3.3063430016451285,93.74608967192286,-103752.40317952137
233.49999999999997,308,121.20035102474309,39.76843721976501,-4.678287111586132,414938.539099779,-37.14057064820421,123.29758290220319,-0.3232121413054111,-708901.6117022169,1.946652104600275,3.3131486029099064,93.79239079609432,-103894.62540081133
233.49999999999997,309,121.22647736874168,39.810680192944474,-4.681082217681413,419479.23021173145,-37.11344982160942,123.32304757053934,-0.32386938294899487,-715226.4953149309,1.9420729038324414,3.3198706924174797,93.83757883505048,-104036.04737053077
233.49999999999997,310,121.2490262432931,39.853985298574436,-4.683799734860797,423820.0968473972,-37.083085454766874,123.34494901766831,-0.3245193583258596,-721274.4237006799,1.9375059864176138,3.326502116331449,93.88161648348154,-104176.4733471566
233.49999999999997,311,121.2679390440488,39.898345846986665,-4.686437370722701,427958.58570914477,-37.04944702343198,123.36322775207223,-0.32516152568148976,-727041.8783739178,1.9329507234537764,3.3330409388536495,93.92446719312835,-104315.82186224197
233.49999999999997,312,121.283161736166,39.943752913230824,-4.688992924200835,431892.29685579974,-37.01250661940458,123.37782706469473,-0.3257955842599196,-732525.5023437914,1.9284105973719021,3.3394820988779617,93.96609521543118,-104453.94494625978
233.49999999999997,313,121.29464469385353,39.99019547883216,-4.691464200794067,435618.98317000014,-36.97224188469702,123.38869518422233,-0.32642151763686295,-737722.1588144258,1.9238891113627907,3.3458205291275376,94.00646563689631,-104590.68395215183
233.49999999999997,314,121.30234183775352,40.037661133021196,-4.6938491903339195,439136.533095472,-36.92863455652112,123.395784288123,-0.327039180430831,-742628.9089031589,1.9193849428380907,3.352055137177104,94.04554447174665,-104725.98384509118
233.49999999999997,315,121.30621166471472,40.08613544078231,-4.696145886017344,442442.996412489,-36.88167058080657,123.3990506317501,-0.3276479688826983,-747243.0177298647,1.914902287870512,3.358180339037719,94.083298649639,-104859.67611352926
233.49999999999997,316,121.30621699601575,40.13560210327082,-4.6983522587576445,445536.57781576767,-36.831340195621756,123.39845465398469,-0.32824811309662055,-751561.9590090944,1.9104414183342615,3.3641934633981405,94.11969611067427,-104991.6619621322
233.49999999999997,317,121.30232451615882,40.18604344116019,-4.700466519935702,448415.63118778914,-36.77763873303455,123.39396160913954,-0.32883913773612505,-755583.4353514567,1.9060076672608481,3.370088872561651,94.1547058278973,-105121.76633066038
233.49999999999997,318,121.29450534984733,40.237439995360084,-4.702486845426518,451078.6705774683,-36.72056551609617,123.38554082072051,-0.32942048216025605,-759305.3594529568,1.90160055393337,3.375864572298791,94.18829786372797,-105249.9199186784
233.49999999999997,319,121.28273640798274,40.2897695166082,-4.704411505774765,453524.4058372864,-36.66012504810149,123.37316656148269,-0.3299923075957604,-762725.8815155162,1.8972221949004928,3.3815170034418385,94.22044343351476,-105375.97281021041
233.49999999999997,320,121.2669967051315,40.34300995653854,-4.706238812904539,455751.6555740291,-36.59632619462145,123.35681755051631,-0.33055415980976804,-765843.3742744324,1.8928765386985527,3.3870413304336666,94.25111487498104,-105499.79673818039
233.49999999999997,321,121.24727280782163,40.39713528246946,-4.707967241971806,457759.473124476,-36.52918224210363,123.33647699193976,-0.33110588619195486,-768656.43841825,1.888561824718213,3.39243681302467,94.28028578815625,-105621.33205264721
233.49999999999997,322,121.22355348614494,40.45211957343504,-4.709595275704962,459547.0300631146,-36.458711494853354,123.3121330701285,-0.3316471963968217,-771163.9161532684,1.8842830060496154,3.3976980542219195,94.30793100017296,-105740.40933273821
233.49999999999997,323,121.1958330529949,40.507934602583546,-4.711121518926096,461113.68804751587,-36.384936656981644,123.28377854151042,-0.3321776155548297,-773364.881569367,1.8800406476279234,3.4028231642290265,94.3340266447396,-105856.94336800165
233.49999999999997,324,121.1641105890167,40.56455045671252,-4.712544670331575,462458.9827012515,-36.30788471480309,123.25141067071344,-0.3326970999619844,-775258.6388987913,1.8758348886426335,3.4078098970806825,94.3585501804139,-105970.849354646
233.49999999999997,325,121.12838947142156,40.62193591200157,-4.713863446421123,463582.6146133542,-36.22758824168867,123.2150322302597,-0.33320536558963276,-776844.7515789497,1.8716701914195601,3.4126537521565146,94.38148041967895,-106081.97613268133
233.49999999999997,326,121.08867851006869,40.680057685905844,-4.7150767751779235,464484.47321563156,-36.14408228993185,123.17464925088478,-0.3337018129660654,-778122.9790676531,1.8675465396493538,3.417353039643238,94.40279758460865,-106190.24953364347
233.49999999999997,327,121.04498993973348,40.73888190139982,-4.716183669516666,465164.5943215483,-36.057408585673535,123.1302741313737,-0.33418665070984965,-779093.3651740345,1.8634667000830687,3.42190455776839,94.42248331200501,-106295.55383221163
233.49999999999997,328,120.99734114979988,40.79837287905906,-4.717183013382578,465623.1966076194,-35.96761175767361,123.08192289534395,-0.3346591663484552,-779756.1600355906,1.859430887356459,3.426306703743981,94.44052070078385,-106397.81214106255
233.49999999999997,329,120.94575464425934,40.858493207081374,-4.718074116118737,465860.6807930472,-35.874741240186594,123.02961662201524,-0.3351191832206155,-780111.8597018104,1.8554422535760673,3.4305560588187136,94.45689432085074,-106496.90931367231
233.49999999999997,330,120.8902565473323,40.9192048685098,-4.718856098903824,465877.59723933705,-35.7788503516395,122.97338078176922,-0.3355665832792629,-780161.1881047749,1.8514988138453659,3.4346527984328388,94.47159026575868,-106592.81609202111
233.49999999999997,331,120.8308774814664,40.98046861055369,-4.719528427360704,465674.6638043253,-35.67999661910521,122.91324549948337,-0.33600091210241917,-779905.102000286,1.8476053128735757,3.438592511079196,94.4845961242464,-106685.38482282775
233.49999999999997,332,120.76765293284001,41.042243737769226,-4.720090459957565,465252.77363628615,-35.578241492183,122.84924536765857,-0.3364218426490659,-779344.7862218458,1.8437610410629264,3.4423749346520487,94.49590106309199,-106774.57883291751
233.49999999999997,333,120.70062220102629,41.10448884193767,-4.72054179236199,464612.9701788982,-35.47365000884214,122.78141922685084,-0.3368290089056633,-778481.6455049758,1.8399680864109087,3.4459974471590664,94.50549577920174,-106860.29964034677
233.49999999999997,334,120.62982986234609,41.16716082553107,-4.7208820403298,463756.4794358948,-35.36629192133766,122.70981096588534,-0.33722256521678823,-777317.324989394,1.8362276551787726,3.449458673879747,94.5133725679957,-106942.47998471132
233.49999999999997,335,120.55532354758607,41.230216480386105,-4.721110952620972,462684.6597805,-35.256237964225264,122.63446683862958,-0.3376016926386245,-775853.6331060306,1.8325420158734222,3.4527564404231144,94.51952530443538,-107021.03815044045
233.49999999999997,336,120.47715455983665,41.29361209805217,-4.721228395104483,461399.01465527667,-35.14356533889415,122.5554394838762,-0.3379665516055258,-774092.655007727,1.828907132419739,3.4558928614905846,94.5239494696221,-107095.99623647296
233.49999999999997,337,120.39537918532514,41.35730248866952,-4.721234271618025,459901.21872873534,-35.02835298760097,122.47278444286931,-0.3383166579279194,-772036.648977038,1.825329290050178,3.4588631621583326,94.52664212171705,-107167.20207965425
233.49999999999997,338,120.31005755501958,41.42124181351932,-4.721128729678832,458193.0914378086,-34.910682487694345,122.38656085184068,-0.33865152305835283,-769688.0662693825,1.821807998127714,3.4616674887929886,94.52760195220255,-107234.62916525002
233.49999999999997,339,120.2212516272046,41.48538510110398,-4.720911840471438,456276.5536439323,-34.79063937152549,122.29683237788977,-0.3389711382624785,-767049.5736526742,1.818344169124909,3.464304778614048,94.52682924179032,-107298.22648134531
233.49999999999997,340,120.12902939741176,41.54968512003494,-4.720583832510777,454153.7140053671,-34.66831118668354,122.20366581644254,-0.33927509542592266,-764124.0120305145,1.814935959634373,3.4667764104770167,94.52432590381908,-107358.00169706166
233.49999999999997,341,120.03346091972527,41.61409533114145,-4.720145263515755,451826.7834822391,-34.543788462931225,122.10713178557766,-0.339563383993905,-760914.413015843,1.811586661546202,3.469080002533396,94.52009542708727,-107413.86530721822
233.49999999999997,342,119.93461939127278,41.67856905019572,-4.71959625084814,449298.0912421106,-34.41716399726424,122.00730423570356,-0.3398355658977451,-757423.9823445084,1.8082980821860155,3.4712144047365996,94.51414291459977,-107465.76625880384
233.49999999999997,343,119.83258227831519,41.74305854655548,-4.718937689633967,446570.1274854748,-34.288532470434845,121.90425996636905,-0.3400913760151678,-753656.0821428669,1.8050671400712017,3.473182051527429,94.50647503300529,-107513.73738410033
233.49999999999997,344,119.727428454399,41.80751734626625,-4.718170042337205,443645.4400360942,-34.157991091436685,121.79807946096564,-0.34033053394628704,-749614.2540789112,1.8018973109898992,3.474980814950282,94.49710006532902,-107557.70569647025
233.49999999999997,345,119.61924111057242,41.87189784729069,-4.717294116718529,440526.7329343152,-34.02563877213575,121.68884596374957,-0.34055302161095957,-745302.1835912562,1.7987866111405522,3.47661255363425,94.48602780348222,-107597.69211445583
233.49999999999997,346,119.50810493403762,41.93615341468068,-4.716310681845104,437216.78847714496,-33.89157576614227,121.57664504262812,-0.3407583252563898,-740723.7033518155,1.7957366712007305,3.478076546074185,94.47326967749179,-107633.65988214985
233.49999999999997,347,119.39410791601175,42.00023715692186,-4.7152208266001026,433718.4989109365,-33.75590445115794,121.46156578308646,-0.3409465475110299,-735882.7888874951,1.792748569819942,3.4793729574038057,94.4588385230925,-107665.5913371246
233.49999999999997,348,119.27734090746948,42.06410204622761,-4.714025440342694,430034.8627431633,-33.61872769014371,121.34369887960023,-0.3411173657605485,-730783.5347274242,1.789822590036106,3.4805020670184557,94.44274874765833,-107693.47209654619
233.49999999999997,349,119.15789586230933,42.127702314922296,-4.712725688697879,426168.9412142618,-33.48015004916896,121.22313785516992,-0.3412704747709115,-725430.1698094124,1.7869582860900683,3.481465321609093,94.42501624050776,-107717.31985781774
233.49999999999997,350,119.03586712991151,42.19099239345,-4.711322832189732,422123.88357222907,-33.34027708437564,121.09997843091686,-0.34140581499315753,-719827.0382443995,1.7841549304912825,3.4822638514930855,94.40565833464497,-107737.14825036633
233.49999999999997,351,118.91135143364588,42.25392691276536,-4.709818095320561,417902.92482419277,-33.19921427089103,120.97431772388127,-0.3415229609957311,-713978.5739977047,1.781411460064334,3.4828998334466035,94.38469379798836,-107752.99452344634
233.49999999999997,352,118.78444742043183,42.31646099095956,-4.708212896111612,413509.3727762099,-33.05706879875137,120.84625551082077,-0.3416222611886624,-707889.3322995505,1.7787342863330262,3.4833696841330517,94.36214276917096,-107764.75143665483
233.49999999999997,353,118.65525328567387,42.37855200900874,-4.706508666217938,408946.5555897315,-32.9139474155595,120.71589271502191,-0.34170286274653183,-701563.9415974054,1.7761167390471653,3.4836796619419017,94.33802678272146,-107772.55492244656
233.49999999999997,354,118.5238719131276,42.44015557879187,-4.704706988987106,404217.92972556886,-32.769957933072575,120.58333207628958,-0.341765321843577,-695007.1329998063,1.773562808841421,3.48382780292199,94.31236868355518,-107776.3596190773
233.49999999999997,355,118.39040587393978,42.50122911447652,-4.702809422945608,399326.9694571938,-32.625206861419066,120.44867713929443,-0.34180912316546763,-688223.6765175959,1.77106957951574,3.4838179825189335,94.28519265007337,-107776.23246418568
233.49999999999997,356,118.2549581099358,42.56173210921799,-4.700817706890231,394277.178372058,-32.479801578693205,120.31203310525694,-0.34183409265252507,-681218.4339706334,1.7686387212485801,3.4836505105850044,94.25652405330243,-107772.1813000777
233.49999999999997,357,118.11763367591898,42.62162360705682,-4.698733569200581,389072.1265341417,-32.33384996502931,120.17350666906516,-0.34184037024246416,-673996.3483095315,1.766269416223337,3.4833274010291055,94.2263895069312,-107764.23376782167
233.49999999999997,358,117.97853720730278,42.68086472043112,-4.696558907734423,383715.39363555127,-32.18745751084494,120.03320421514364,-0.3418275359303965,-666562.3568769807,1.763963525003276,3.482849370945312,94.19481682076923,-107752.40748962443
233.49999999999997,359,81.2983935742576,89.8172403960198,-4.8801214879925405,-916677.4172952942,38.50058690597804,83.00442090949616,-0.412554745922747,1189382.5702230807,2.930469580737954,2.775225969208278,108.56757036268056,-115881.3169909203
