f,att_rot,G1,G2,G3,th1,th2,th3,ph1,ph2,,ph3,O1/G1,O2/G2,O3/G3
233.68,-1,130.7775525,133.1285242,100.6854554,91.14635371,89.53925477,2.949113367,18.25882579,-72.39420371,89.02961269,-20.77127721,4322.530474,-7075.073728,85.07779407
233.68,0,130.8447549,133.3388193,100.6246901,91.14498804,89.54049668,2.962740592,18.16763074,-72.30262626,88.85052544,-20.83907336,4323.238677,-7068.017702,87.0867593
233.68,1,130.9096846,133.5470356,100.5617885,91.14362382,89.54173784,2.976365749,18.0764182,-72.21120338,88.67207242,-20.90610917,4322.345972,-7058.777253,88.93351433
233.68,2,130.9723603,133.7531459,100.4967992,91.14226135,89.54297787,2.989976338,17.98521206,-72.1199588,88.49430969,-20.97233498,4319.848167,-7047.355123,90.61275561
233.68,3,131.0328016,133.9571258,100.4297733,91.14090116,89.54421643,3.003569525,17.89403671,-72.02891569,88.31729316,-21.03775151,4315.741535,-7033.755137,92.1232834
233.68,4,131.0910284,134.1589504,100.3607627,91.13954343,89.54545314,3.017138794,17.80291703,-71.93809749,88.14108033,-21.10234121,4310.022837,-7017.9818,93.46246106
233.68,5,131.1470618,134.3585938,100.2898209,91.13818863,89.54668752,3.030680021,17.71187793,-71.84752824,87.96572941,-21.16609834,4302.689508,-7000.040143,94.6287711
233.68,6,131.2009231,134.5560311,100.2170012,91.13683703,89.54791928,3.04417743,17.62094497,-71.75723182,87.79129875,-21.22895952,4293.739413,-6979.936068,95.6160865
233.68,7,131.2526342,134.7512365,100.14236,91.13548912,89.54914805,3.057636404,17.5301439,-71.66723246,87.61784851,-21.29097166,4283.171055,-6957.676119,96.42685516
233.68,8,131.3022165,134.9441835,100.0659528,91.13414521,89.55037337,3.071040375,17.43950126,-71.57755476,87.44543922,-21.35206779,4270.98328,-6933.267433,97.0548906
233.68,9,131.3496925,135.1348454,99.98783703,91.13280581,89.55159474,3.084384725,17.34904354,-71.48822338,87.27413192,-21.41224631,4257.175709,-6906.717922,97.4988301
233.68,10,131.3950835,135.3231946,99.90807182,91.13147126,89.55281197,3.097675612,17.25879822,-71.39926335,87.10398961,-21.47155353,4241.748229,-6878.03609,97.76178851
233.68,11,131.438412,135.5092025,99.82671459,91.13014199,89.55402455,3.110891893,17.16879271,-71.31069997,86.93507509,-21.52990665,4224.701496,-6847.231098,97.83605476
233.68,12,131.4796989,135.6928398,99.74382481,91.12881837,89.55523209,3.124027472,17.07905524,-71.2225587,86.76745261,-21.58729634,4206.036532,-6814.312781,97.7201623
233.68,13,131.5189654,135.8740755,99.65946291,91.12750095,89.55643417,3.137080381,16.98961453,-71.13486552,86.6011873,-21.64373275,4185.754882,-6779.291498,97.41422092
233.68,14,131.5562322,136.0528777,99.57368871,91.12619008,89.55763035,3.150037154,16.90049953,-71.04764649,86.43634507,-21.69917078,4163.858731,-6742.178323,96.91414575
233.68,15,131.5915185,136.2292128,99.48656361,91.12488622,89.55882028,3.16289634,16.81174019,-70.96092811,86.27299273,-21.75362621,4140.350575,-6702.984859,96.22043365
233.68,16,131.624844,136.403045,99.39814838,91.12358987,89.56000353,3.175646232,16.72336629,-70.87473738,86.11119816,-21.80706378,4115.233699,-6661.723221,95.32994082
233.68,17,131.6562259,136.5743386,99.30850509,91.1223015,89.56117965,3.188286083,16.63540898,-70.78910109,85.95102981,-21.85950265,4088.511583,-6618.40635,94.24371416
233.68,18,131.6856821,136.7430528,99.21769458,91.12102157,89.56234814,3.200800394,16.54789918,-70.70404718,85.7925576,-21.91089061,4060.188507,-6573.047355,92.95739344
233.68,19,131.7132277,136.9091477,99.12577916,91.11975059,89.56350872,3.213187573,16.46086903,-70.61960328,85.63585181,-21.96124317,4030.269016,-6525.660225,91.47200667
233.68,20,131.7388772,137.0725798,99.03282007,91.11848905,89.56466083,3.225434615,16.37435089,-70.53579763,85.4809838,-22.01052156,3998.758284,-6476.259361,89.78440556
233.68,21,131.7626444,137.2333033,98.93887927,91.11723752,89.56580414,3.237536268,16.28837747,-70.45265896,85.3280253,-22.05872474,3965.662084,-6424.859626,87.89454593
233.68,22,131.7845398,137.3912704,98.84401825,91.11599649,89.56693818,3.249483331,16.20298284,-70.37021615,85.17704987,-22.1058326,3930.986387,-6371.476508,85.8009668
233.68,23,131.8045737,137.5464295,98.74829859,91.11476646,89.56806241,3.261269084,16.11820116,-70.28849886,85.02813089,-22.15183747,3894.737857,-6316.125808,83.50333249
233.68,24,131.8227546,137.6987277,98.6517818,91.11354809,89.56917656,3.272888596,16.03406693,-70.20753677,84.88134307,-22.19674142,3856.923767,-6258.823993,81.00200301
233.68,25,131.839088,137.8481083,98.55452797,91.11234185,89.57027998,3.284325585,15.95061605,-70.12736018,84.73676127,-22.24049164,3817.551569,-6199.587895,78.29347911
233.68,26,131.8535787,137.9945123,98.45659829,91.11114836,89.5713724,3.29557811,15.86788446,-70.04799965,84.59446143,-22.2831027,3776.629429,-6138.434883,75.37959935
233.68,27,131.8662295,138.1378774,98.35805337,91.10996823,89.57245327,3.306642867,15.78590854,-69.96948628,84.45452032,-22.32458401,3734.166087,-6075.382719,72.26168607
233.68,28,131.8770395,138.2781376,98.258951,91.10880198,89.57352211,3.317492702,15.70472626,-69.89185165,84.31701427,-22.36483813,3690.170388,-6010.449569,68.93281025
233.68,29,131.8860077,138.4152249,98.15935295,91.10765032,89.57457849,3.328145929,15.62437512,-69.8151275,84.18202137,-22.40396691,3644.652098,-5943.654161,65.40239953
233.68,30,131.8931294,138.5490669,98.05931648,91.10651382,89.57562199,3.338581087,15.54489391,-69.73934628,84.04961934,-22.44189828,3597.621204,-5875.015493,61.66586269
233.68,31,131.8983983,138.6795887,97.95889921,91.10539314,89.57665212,3.348787103,15.46632178,-69.66454063,83.91988689,-22.47860896,3549.088288,-5804.55308,57.72237576
233.68,32,131.9018056,138.8067123,97.85815866,91.10428892,89.57766832,3.35875818,15.38869858,-69.59074354,83.79290186,-22.51409426,3499.064396,-5732.286883,53.57320583
233.68,33,131.9033401,138.9303554,97.75715158,91.10320186,89.57867013,3.368488492,15.31206461,-69.51798867,83.66874341,-22.54835085,3447.561108,-5658.23712,49.2197901
233.68,34,131.9029885,139.0504322,97.65593361,91.10213259,89.57965716,3.377968578,15.23646077,-69.44631002,83.54749085,-22.58136009,3394.590505,-5582.424419,44.66231628
233.68,35,131.9007346,139.1668552,97.55455854,91.10108185,89.58062889,3.387178784,15.16192872,-69.37574166,83.42922274,-22.6130613,3340.165093,-5504.869953,39.89769297
233.68,36,131.8965602,139.2795325,97.45308384,91.10005026,89.58158485,3.396144226,15.08851042,-69.30631821,83.31401825,-22.64357835,3284.297964,-5425.595179,34.93836385
233.68,37,131.8904444,139.3883691,97.35155929,91.09903858,89.58252451,3.404822722,15.01624853,-69.23807463,83.20195619,-22.67275634,3227.002671,-5344.621938,29.77378507
233.68,38,131.8823639,139.4932671,97.25004021,91.0980475,89.5834474,3.413236074,14.94518617,-69.1710461,83.09311496,-22.70070352,3168.293271,-5261.972483,24.41547863
233.68,39,131.8722941,139.594125,97.14856889,91.0970778,89.58435305,3.421286836,14.87536634,-69.10526828,82.98757295,-22.72704472,3108.184577,-5177.66937,18.83462909
233.68,40,131.8602058,139.690839,97.04721564,91.09613016,89.58524088,3.429163668,14.80683371,-69.04077684,82.88540735,-22.75256057,3046.691454,-5091.735648,13.09907845
233.68,41,131.8460701,139.7833014,96.94600494,91.09520535,89.58611058,3.436613602,14.73963202,-68.97760806,82.78669618,-22.77624758,2983.829801,-5004.194565,7.128541276
233.68,42,131.8298538,139.8714035,96.84507532,91.09430412,89.58696152,3.44451507,14.6738063,-68.91579795,82.69151551,-22.80163781,2919.615724,-4915.06998,1.217907479
233.68,43,131.8115236,139.9550324,96.74426223,91.09342723,89.58779327,3.450779906,14.60940109,-68.85538307,82.59994088,-22.82040438,2854.066077,-4824.38595,-5.317308867
233.68,44,131.7910426,140.0340738,96.64379857,91.09257536,89.5886052,3.457234347,14.54646177,-68.79639996,82.51204713,-22.83986072,2787.198202,-4732.166984,-11.86935818
233.68,45,131.768372,140.1084104,96.54368865,91.09174945,89.58939706,3.463470068,14.48503404,-68.73888543,82.42790826,-22.85838666,2719.029871,-4638.437906,-18.56879185
233.68,46,131.7434731,140.1779248,96.44396304,91.09095019,89.59016819,3.469348196,14.42516262,-68.68287594,82.34759612,-22.8754454,2649.579861,-4543.2241,-25.45599059
233.68,47,131.7163028,140.2424939,96.34466686,91.09017828,89.59091813,3.474883654,14.36689388,-68.62840894,82.27118237,-22.8911094,2578.866971,-4446.550929,-32.52112284
233.68,48,131.6868187,140.3019988,96.24584013,91.08943456,89.59164643,3.480052916,14.31027307,-68.57552047,82.1987369,-22.90529969,2506.910996,-4348.444749,-39.76640562
233.68,49,131.654975,140.3563146,96.14752414,91.08871981,89.59235255,3.484856357,14.25534626,-68.52424773,82.13032785,-22.91802995,2433.732034,-4248.931784,-47.1864812
233.68,50,131.6207274,140.4053189,96.04975869,91.08803484,89.59303609,3.489291254,14.20215832,-68.47462693,82.06602108,-22.9293004,2359.351198,-4148.039048,-54.77678485
233.68,51,131.5840281,140.4488856,95.95258484,91.08738032,89.59369652,3.493378766,14.15075475,-68.42669498,82.00588256,-22.93920463,2283.789895,-4045.793582,-62.52534459
233.68,52,131.5448295,140.4868912,95.8560349,91.08675709,89.59433343,3.497066348,14.10118083,-68.3804878,81.94997369,-22.94754753,2207.070197,-3942.223178,-70.44309068
233.68,53,131.5030834,140.5192101,95.76014803,91.08616588,89.5949463,3.500380363,14.05348108,-68.33604161,81.8983569,-22.95444016,2129.214934,-3837.355817,-78.51617432
233.68,54,131.4587405,140.5457187,95.66495794,91.08560749,89.59553474,3.503305393,14.00770004,-68.29339199,81.85108799,-22.95983006,2050.247444,-3731.220037,-86.74369917
233.68,55,131.411752,140.5662939,95.57049857,91.08508256,89.5960982,3.505840436,13.96388156,-68.25257416,81.80822575,-22.96372047,1970.19179,-3623.844805,-95.12035494
233.68,56,131.3620686,140.5808129,95.47680224,91.08459197,89.59663627,3.50798024,13.92206887,-68.21362319,81.76982241,-22.96609596,1889.072707,-3515.25941,-103.6419507
233.68,57,131.3096416,140.5891559,95.38389933,91.08413636,89.59714859,3.509712837,13.88230467,-68.17657332,81.735929,-22.9669159,1806.915559,-3405.493732,-112.306228
233.68,58,131.2544232,140.5912038,95.29182079,91.08371639,89.5976347,3.511043223,13.84463051,-68.14145853,81.70659548,-22.9662021,1723.746521,-3294.57799,-121.1058229
233.68,59,131.1963644,140.5868407,95.20059576,91.08333284,89.59809411,3.511971046,13.80908812,-68.10831201,81.68185823,-22.96395657,1639.592096,-3182.542925,-130.0350862
233.68,60,131.1354186,140.5759536,95.1102508,91.08298636,89.59852652,3.512482108,13.77571756,-68.07716633,81.66178287,-22.96012528,1554.479729,-3069.419747,-139.0921976
233.68,61,131.0715407,140.5584318,95.02081333,91.08267758,89.59893153,3.512582671,13.74455781,-68.04805347,81.64638769,-22.95473191,1468.437582,-2955.240059,-148.2693243
233.68,62,131.0046861,140.5341693,94.93230839,91.08240718,89.59930869,3.512267336,13.71564717,-68.02100445,81.63571517,-22.94775593,1381.494357,-2840.036028,-157.562241
233.68,63,130.9348117,140.5030641,94.84475995,91.08217575,89.59965771,3.511531972,13.68902284,-67.99604941,81.62979799,-22.93917794,1293.679399,-2723.840317,-166.9660206
233.68,64,130.8618777,140.465017,94.75819151,91.08198385,89.59997816,3.510379272,13.66472018,-67.97321804,81.62866978,-22.92900623,1205.022962,-2606.685872,-176.4740632
233.68,65,130.7858457,140.4199372,94.67262531,91.08183205,89.60026981,3.50881117,13.64277343,-67.95253817,81.6323536,-22.91724226,1115.555872,-2488.606534,-186.0797161
233.68,66,130.7066779,140.3677348,94.58808117,91.08172092,89.60053224,3.50681721,13.62321643,-67.93403773,81.64087603,-22.90384088,1025.309305,-2369.636129,-195.7801839
233.68,67,130.6243419,140.308329,94.50457924,91.08165094,89.60076519,3.504401799,13.60608012,-67.91774269,81.65425307,-22.88881236,934.3155623,-2249.80938,-205.5682016
233.68,68,130.5388073,140.2416433,94.42213851,91.08162259,89.60096835,3.501568852,13.59139415,-67.90367832,81.67250351,-22.87216166,842.6075013,-2129.161306,-215.4367159
233.68,69,130.450045,140.1676099,94.34077621,91.08163622,89.60114144,3.498316148,13.57918758,-67.89186819,81.69563923,-22.8538729,750.2182788,-2007.727658,-225.3806161
233.68,70,130.3580326,140.0861647,94.26050878,91.08169245,89.60128427,3.494644774,13.56948589,-67.88233533,81.72366869,-22.83393861,657.1823017,-1885.544359,-235.3937648
233.68,71,130.2627463,139.9972525,94.18135151,91.08179145,89.60139656,3.490555461,13.56231529,-67.87510109,81.7565965,-22.8123497,563.5337454,-1762.648017,-245.4701901
233.68,72,130.1641739,139.9008258,94.10331898,91.08193366,89.60147803,3.486052447,13.557696,-67.87018534,81.79442392,-22.78910999,469.3087756,-1639.075773,-255.6030647
233.68,73,130.0622968,139.7968438,94.02642419,91.08211929,89.60152857,3.481134885,13.55565159,-67.86760688,81.83714923,-22.76420151,374.5424169,-1514.86513,-265.786946
233.68,74,129.957109,139.685275,93.95067992,91.08234867,89.60154797,3.475811369,13.55619922,-67.86738271,81.88476484,-22.73764261,279.2716069,-1390.054244,-276.0141345
233.68,75,129.8486053,139.566096,93.87609693,91.08262199,89.60153612,3.470078908,13.55935567,-67.86952844,81.93726075,-22.70940499,183.5334605,-1264.681683,-286.2797894
233.68,76,129.7367822,139.4392912,93.80268597,91.08293936,89.60149285,3.463946058,13.56513695,-67.87405829,81.99462366,-22.67950445,87.36506802,-1138.78645,-296.5763786
233.68,77,129.6216611,139.3048541,93.73045623,91.08330089,89.601418,3.457415426,13.57354622,-67.8809848,82.05683411,-22.6479331,-9.192497092,-1012.408051,-306.8979233
233.68,78,129.5032066,139.1627884,93.65941587,91.08370697,89.6013116,3.450489252,13.58461654,-67.89031861,82.12387131,-22.61467845,-106.1079984,-885.5865967,-317.2385919
233.68,79,129.3814729,139.0131061,93.58957278,91.08415725,89.60117347,3.443176892,13.59833422,-67.90206893,82.19570867,-22.5797587,-203.3354486,-758.3625354,-327.591011
233.68,80,129.2564663,138.8558268,93.52093325,91.08465187,89.60100361,3.435481337,13.61471072,-67.91624361,82.27231708,-22.54316181,-300.8372605,-630.7766251,-337.9493889
233.68,81,129.1282105,138.6909814,93.45350305,91.08519076,89.600802,3.427409633,13.63374858,-67.93284837,82.353664,-22.50489498,-398.5733242,-502.8702361,-348.3072176
233.68,82,128.996727,138.5186112,93.38728693,91.08577387,89.60056869,3.418967719,13.65545174,-67.95188692,82.43971071,-22.4649568,-496.5043297,-374.6852706,-358.65815
233.68,83,128.8620539,138.3387642,93.32228879,91.08640093,89.60030362,3.410162403,13.67981543,-67.97336181,82.53041762,-22.42335098,-594.5886589,-246.2637637,-368.9960372
233.68,84,128.7242232,138.1514997,93.25851172,91.08707195,89.6000069,3.401000895,13.7068383,-67.99727347,82.62573988,-22.38008131,-692.7862016,-117.648297,-379.3146199
233.68,85,128.5832833,137.9569218,93.19595802,91.08778644,89.59967868,3.391491143,13.73651038,-68.02361126,82.72562019,-22.3351535,-791.0546443,11.11415681,-389.6076131
233.68,86,128.4392764,137.7550025,93.134629,91.08854428,89.59931881,3.381639558,13.76882519,-68.05239922,82.83003437,-22.28856643,-889.3532818,139.9921817,-399.8693392
233.68,87,128.2922544,137.5459353,93.07452536,91.08934507,89.5989276,3.371454793,13.80377104,-68.08360491,82.93889985,-22.24032896,-987.6403469,268.9301967,-410.0937348
233.68,88,128.142275,137.3297769,93.01564716,91.09018848,89.59850531,3.360947061,13.84133336,-68.1172316,83.05216857,-22.19045469,-1085.873766,397.8886879,-420.27449
233.68,89,127.9893997,137.1066366,92.95799343,91.09107395,89.59805189,3.350123855,13.88149542,-68.15326947,83.16977774,-22.13894616,-1184.011432,526.8229493,-430.4060959
233.68,90,127.8336936,136.8766269,92.90156269,91.09200116,89.59756765,3.338995435,13.92423858,-68.19170836,83.29166238,-22.08581778,-1282.01131,655.6886691,-440.4827437
233.68,91,127.6752252,136.6398716,92.84635249,91.0929695,89.59705281,3.32756905,13.96954236,-68.2325355,83.41775483,-22.03106917,-1379.831497,784.4409446,-450.4992085
233.68,92,127.5140705,136.3965008,92.79235999,91.09397835,89.59650756,3.315856561,14.01738213,-68.27573686,83.5479837,-21.97472208,-1477.429508,913.0349381,-460.4496454
233.68,93,127.350307,136.1466541,92.73958145,91.09502719,89.59593224,3.303865884,14.06773231,-68.32129619,83.68227544,-21.91677868,-1574.763386,1041.425419,-470.3291282
233.68,94,127.1840153,135.8904786,92.68801278,91.09611535,89.59532709,3.291609344,14.12056538,-68.36919553,83.82055262,-21.85726276,-1671.791315,1169.567069,-480.1320756
233.68,95,127.0152842,135.6281293,92.63764883,91.09724206,89.59469247,3.279094801,14.17584931,-68.41941504,83.96273622,-21.79617736,-1768.470952,1297.414377,-489.8539236
233.68,96,126.8442004,135.3597672,92.58848441,91.09840669,89.59402865,3.266335655,14.23355271,-68.47193332,84.10874385,-21.73355034,-1864.760965,1424.921849,-499.4892119
233.68,97,126.6708584,135.0855618,92.54051315,91.09960839,89.59333607,3.25333997,14.29363974,-68.52672686,84.25849053,-21.66938709,-1960.619566,1552.043752,-509.0337318
233.68,98,126.4953536,134.8056881,92.49372848,91.10084635,89.59261507,3.240119234,14.35607348,-68.58377065,84.41189003,-21.60370656,-2056.005494,1678.734417,-518.4826861
233.68,99,126.317784,134.5203272,92.44812316,91.1021198,89.59186603,3.22668349,14.42081563,-68.64303792,84.56885246,-21.53652411,-2150.878085,1804.94813,-527.8320088
233.68,100,126.1382528,134.2296662,92.40368966,91.1034277,89.59108941,3.213045774,14.48782379,-68.70450022,84.72928706,-21.46786852,-2245.196249,1930.639211,-537.0768882
233.68,101,125.9568627,133.9338982,92.36041965,91.10476926,89.59028567,3.199215844,14.5570558,-68.76812722,84.89309982,-21.3977549,-2338.920004,2055.761929,-546.2136469
233.68,102,125.7737204,133.6332197,92.31830441,91.10614349,89.58945524,3.185204203,14.62846641,-68.83388738,85.0601959,-21.32620042,-2432.009406,2180.270802,-555.238313
233.68,103,125.5889343,133.3278331,92.27733493,91.10754942,89.58859862,3.171023143,14.70200893,-68.9017472,85.2304779,-21.2532341,-2524.42508,2304.120312,-564.1471756
233.68,104,125.4026139,133.0179438,92.23750159,91.10898604,89.58771628,3.156683307,14.77763515,-68.97167194,85.40384762,-21.17887663,-2616.12819,2427.265206,-572.9365669
233.68,105,125.214871,132.7037615,92.19879449,91.11045225,89.58680882,3.142196278,14.85529494,-69.04362518,85.5802048,-21.10315542,-2707.080365,2549.660345,-581.6031728
233.68,106,125.0258179,132.3854989,92.16120313,91.11194712,89.58587671,3.127571604,14.93493697,-69.11756906,85.75944794,-21.02608749,-2797.243914,2671.260806,-590.1440129
233.68,107,124.8355682,132.063371,92.12471696,91.1134695,89.58492045,3.112822012,15.01650827,-69.19346448,85.94147429,-20.94770886,-2886.5817,2792.021998,-598.5558998
233.68,108,124.6442372,131.7375961,92.08932479,91.11501825,89.58394074,3.09795704,15.09995402,-69.27127074,86.12617958,-20.86803807,-2975.057084,2911.899484,-606.8359913
233.68,109,124.4519386,131.408393,92.05501534,91.11659234,89.58293799,3.082988345,15.18521932,-69.35094612,86.31345948,-20.7871093,-3062.634491,3030.8493,-614.9817828
233.68,110,124.2587886,131.0759833,92.0217769,91.11819051,89.58191299,3.067926152,15.27224684,-69.43244743,86.5032082,-20.70494798,-3149.278673,3148.827714,-622.9907646
233.68,111,124.0649014,130.7405885,91.98959755,91.11981181,89.58086621,3.052781407,15.36097925,-69.51573043,86.69531932,-20.62158625,-3234.955461,3265.791461,-630.8606098
233.68,112,123.8703931,130.4024316,91.95846514,91.12145491,89.57979829,3.037564711,15.45135708,-69.60074963,86.88968554,-20.53705495,-3319.631131,3381.69764,-638.5892236
233.68,113,123.6753776,130.0617352,91.92836732,91.12311869,89.57870992,3.02228708,15.54332118,-69.68745849,87.08619942,-20.45139125,-3403.273112,3496.503809,-646.1744321
233.68,114,123.4799694,129.7187219,91.89929148,91.12480197,89.5776017,3.006958607,15.63681053,-69.77580958,87.28475306,-20.3646261,-3485.849373,3610.168082,-653.614673
233.68,115,123.2842821,129.3736138,91.87122474,91.12650364,89.57647429,2.991588446,15.73176367,-69.86575434,87.48523799,-20.27678906,-3567.328805,3722.649008,-660.9082933
233.68,116,123.0884268,129.0266317,91.84415406,91.12822239,89.57532836,2.976184388,15.82811938,-69.95724343,87.68754616,-20.18790266,-3647.68146,3833.905754,-668.0542762
233.68,117,122.8925156,128.6779954,91.8180668,91.12995709,89.57416455,2.960761574,15.92581453,-70.0502266,87.89156916,-20.09803347,-3726.877853,3943.898002,-675.0504713
233.68,118,122.6966572,128.3279232,91.79294939,91.13170657,89.57298356,2.94532483,16.02478684,-70.1446528,88.0971983,-20.00719145,-3804.889791,4052.586076,-681.8964237
233.68,119,122.5009605,127.9766312,91.76878875,91.13346963,89.57178609,2.929885074,16.12497259,-70.24047033,88.30432585,-19.91542361,-3881.689731,4159.930931,-688.5909598
233.68,120,122.3055317,127.624333,91.74557166,91.13524508,89.57057286,2.914452686,16.22630852,-70.33762684,88.51284375,-19.82277426,-3957.25127,4265.894206,-695.1329749
233.68,121,122.1104756,127.2712401,91.72328451,91.13703171,89.56934442,2.899033317,16.3287307,-70.43606927,88.72264449,-19.72926357,-4031.548839,4370.438182,-701.5223051
233.68,122,121.9158945,126.9175607,91.70191417,91.1388284,89.56810153,2.883638184,16.43217568,-70.53574422,88.93362122,-19.63494732,-4104.55798,4473.525928,-707.7579961
233.68,123,121.721889,126.5635002,91.6814472,91.14063398,89.56684498,2.868274777,16.53657963,-70.63659761,89.14566731,-19.53985949,-4176.255122,4575.121185,-713.8397491
233.68,124,121.5285574,126.2092606,91.66187033,91.14244723,89.56557535,2.852951718,16.64187888,-70.73857507,89.3586772,-19.44404466,-4246.617724,4675.188487,-719.767308
233.68,125,121.3359959,125.8550399,91.64317001,91.14426715,89.5642934,2.837673674,16.74800981,-70.84162196,89.57254584,-19.34752148,-4315.624175,4773.693205,-725.540696
233.68,126,121.1442986,125.5010328,91.62533342,91.14609245,89.56299987,2.822452579,16.85490884,-70.94568316,89.78716911,-19.25036179,-4383.253827,4870.601423,-731.1595871
233.68,127,120.9535561,125.1474301,91.60834729,91.14792205,89.5616954,2.807294005,16.96251336,-71.05070344,90.00244358,-19.15259462,-4449.487231,4965.88011,-736.6241012
233.68,128,120.763857,124.7944181,91.59219864,91.1497549,89.56038073,2.792204981,17.07076077,-71.15662736,90.21826734,-19.05426184,-4514.305799,5059.497067,-741.9345125
233.68,129,120.5752874,124.4421789,91.57687458,91.15158992,89.5590565,2.77719204,17.17958889,-71.26339936,90.43453887,-18.9554056,-4577.691949,5151.420947,-747.0910624
233.68,130,120.3879309,124.0908901,91.56236253,91.15342599,89.5577235,2.762262234,17.28893591,-71.37096404,90.65115864,-18.85607151,-4639.629044,5241.621363,-752.0942029
233.68,131,120.201868,123.7407253,91.54864985,91.15526215,89.55638234,2.747420832,17.39874092,-71.47926551,90.86802729,-18.75629678,-4700.101544,5330.06863,-756.9444247
233.68,132,120.0171767,123.3918524,91.53572438,91.15709731,89.55503373,2.732676081,17.50894348,-71.58824852,91.08504775,-18.65614029,-4759.094772,5416.734244,-761.6421431
233.68,133,119.8339326,123.0444356,91.52357391,91.15893044,89.55367837,2.718031556,17.61948365,-71.69785749,91.30212353,-18.5556304,-4816.595078,5501.590352,-766.1881964
233.68,134,119.6522078,122.6986337,91.51218656,91.16076052,89.55231692,2.703492706,17.73030272,-71.80803723,91.51916011,-18.45481114,-4872.589809,5584.610181,-770.5833553
233.68,135,119.472072,122.354601,91.50155086,91.16258682,89.5509501,2.689066228,17.84134256,-71.91873264,91.73606379,-18.35373755,-4927.067236,5665.767845,-774.8282552
233.68,136,119.2935927,122.0124861,91.49165542,91.16440811,89.54957854,2.674756337,17.9525455,-72.0298891,91.95274311,-18.25244854,-4980.016428,5745.038464,-778.9239075
233.68,137,119.1168336,121.6724338,91.48248931,91.16622367,89.5482029,2.660568734,18.06385551,-72.14145199,92.16910735,-18.150995,-5031.427704,5822.39801,-782.8710964
233.68,138,118.9418567,121.3345832,91.47404157,91.16803254,89.54682385,2.646505004,18.17521691,-72.25336729,92.38506802,-18.04939989,-5081.291924,5897.823484,-786.6711937
233.68,139,118.7687207,120.9990686,91.46630203,91.16983382,89.54544202,2.63257218,18.28657522,-72.36558127,92.60053795,-17.94772986,-5129.601053,5971.292817,-790.324947
233.68,140,118.5974819,120.6660195,91.45926062,91.17162673,89.54405807,2.618773956,18.397877,-72.47804073,92.81543166,-17.84602621,-5176.347874,6042.784931,-793.8334902
233.68,141,118.4281939,120.3355601,91.45290771,91.17341043,89.5426726,2.605114881,18.50906969,-72.59069294,93.02966546,-17.74433999,-5221.526016,6112.279692,-797.1979248
233.68,142,118.2609077,120.0078102,91.44723377,91.17518418,89.54128624,2.59159564,18.62010213,-72.70348561,93.24315719,-17.64269203,-5265.129997,6179.757916,-800.4197533
233.68,143,118.095672,119.6828846,91.44222993,91.17694714,89.53989955,2.578220146,18.73092389,-72.81636708,93.45582662,-17.54113381,-5307.155074,6245.201392,-803.500137
233.68,144,117.9325326,119.3608928,91.43788788,91.17869857,89.5385132,2.564994861,18.84148595,-72.92928643,93.66759528,-17.43973344,-5347.597371,6308.592914,-806.4400078
233.68,145,117.7715335,119.0419404,91.43419922,91.1804378,89.53712779,2.551918272,18.95174014,-73.04219317,93.87838634,-17.33850004,-5386.4537,6369.916164,-809.2411686
233.68,146,117.6127157,118.7261277,91.43115647,91.18216423,89.53574381,2.53899633,19.06163998,-73.1550376,94.08812487,-17.23750474,-5423.721781,6429.155818,-811.9045784
233.68,147,117.4561185,118.4135505,91.42875228,91.18387699,89.53436193,2.526230046,19.17113951,-73.26777072,94.29673788,-17.13677704,-5459.39989,6486.297497,-814.4317407
233.68,148,117.3017784,118.1043005,91.42697987,91.18557563,89.53298265,2.51362219,19.28019461,-73.38034421,94.5041539,-17.03636503,-5493.487156,6541.32774,-816.8239999
233.68,149,117.1497303,117.7984643,91.42583297,91.18725949,89.53160649,2.501175756,19.38876178,-73.49271058,94.71030367,-16.93632014,-5525.983281,6594.234048,-819.0826377
233.68,150,117.0000066,117.4961249,91.42530547,91.18892801,89.530234,2.48888973,19.49679923,-73.60482305,94.9151195,-16.83665796,-5556.888744,6645.00481,-821.209391
233.68,151,116.8526381,117.1973601,91.42539204,91.19058053,89.52886575,2.476766678,19.60426604,-73.71663587,95.11853579,-16.73742728,-5586.204582,6693.629415,-823.2055854
233.68,152,116.7076532,116.9022447,91.42608801,91.19221668,89.52750218,2.464812124,19.71112288,-73.82810375,95.32048851,-16.63870475,-5613.932525,6740.098019,-825.0722258
233.68,153,116.5650789,116.6108485,91.42738858,91.19383583,89.52614387,2.453022274,19.81733115,-73.93918265,95.52091583,-16.54048531,-5640.074819,6784.401826,-826.8112548
233.68,154,116.4249399,116.3232378,91.42928995,91.19543759,89.5247912,2.441400313,19.92285401,-74.04982917,95.71975749,-16.44282587,-5664.63437,6826.532821,-828.4240107
233.68,155,116.2872599,116.0394752,91.43178876,91.19702143,89.52344466,2.429948567,20.02765536,-74.16000084,95.91695519,-16.34577825,-5687.614566,6866.483895,-829.9116809
233.68,156,116.1520602,115.7596193,91.43488192,91.19858692,89.52210477,2.418665982,20.13170073,-74.26965619,96.11245251,-16.24936364,-5709.019382,6904.248814,-831.2759489
233.68,157,116.0193611,115.4837253,91.438567,91.2001337,89.52077192,2.407553465,20.23495668,-74.37875455,96.30619473,-16.15362072,-5728.853283,6939.822153,-832.5182335
233.68,158,115.8891812,115.2118448,91.44284227,91.20166141,89.51944658,2.396614439,20.33739092,-74.48725627,96.49812913,-16.05861281,-5747.121196,6973.199355,-833.6396543
233.68,159,115.7615376,114.9440261,91.44770613,91.20316965,89.51812918,2.385847021,20.43897252,-74.59512264,96.68820465,-15.96435573,-5763.828586,7004.376685,-834.6419058
233.68,160,115.6364463,114.6803143,91.45315774,91.20465803,89.51682005,2.375252312,20.53967158,-74.70231586,96.87637208,-15.87089331,-5778.981255,7033.351179,-835.5263075
233.68,161,115.5139218,114.4207514,91.45919653,91.20612633,89.51551968,2.364828109,20.63945953,-74.80879916,97.06258401,-15.77823578,-5792.585526,7060.120695,-836.2945009
233.68,162,115.3939777,114.165376,91.46582288,91.20757418,89.51422844,2.354578382,20.73830885,-74.91453673,97.24679475,-15.68645556,-5804.6481,7084.683873,-836.9475282
233.68,163,115.2766261,113.9142245,91.47303728,91.20900137,89.51294667,2.344501163,20.83619317,-75.01949363,97.42896039,-15.59556733,-5815.176032,7107.040073,-837.4869044
233.68,164,115.1618785,113.6673299,91.48084097,91.21040763,89.51167471,2.334597999,20.93308727,-75.12363608,97.60903871,-15.50562096,-5824.176739,7127.189462,-837.9138126
233.68,165,115.0497449,113.4247229,91.48923539,91.21179269,89.51041288,2.324865769,21.02896716,-75.22693105,97.78698925,-15.41661991,-5831.658058,7145.132863,-838.2299658
233.68,166,114.9402349,113.1864316,91.49822281,91.21315633,89.50916157,2.315306498,21.1238097,-75.32934673,97.96277312,-15.3286171,-5837.62806,7160.871884,-838.43643
233.68,167,114.8333568,112.9524813,91.50780587,91.21449838,89.50792115,2.30591953,21.21759309,-75.43085216,98.13635321,-15.24164105,-5842.095177,7174.4088,-838.5345191
233.68,168,114.7291183,112.7228956,91.51798763,91.21581867,89.50669183,2.296703588,21.31029645,-75.53141731,98.3076939,-15.15571437,-5845.06814,7185.74654,-838.5256415
233.68,169,114.6275263,112.4976954,91.52877175,91.21711706,89.50547398,2.287659281,21.40189992,-75.63101324,98.47676112,-15.07087608,-5846.555946,7194.888772,-838.4109581
233.68,170,114.5285872,112.2768995,91.54016233,91.21839329,89.50426783,2.278786298,21.49238476,-75.72961201,98.6435229,-14.98715836,-5846.567833,7201.839795,-838.1916195
233.68,171,114.4323066,112.060525,91.55216384,91.21964736,89.50307368,2.27008254,21.58173318,-75.82718644,98.80794807,-14.90457371,-5845.113306,7206.604478,-837.869103
233.68,172,114.3386894,111.8485868,91.56478142,91.22087907,89.50189187,2.261549804,21.66992832,-75.92371051,98.97000745,-14.82317513,-5842.202105,7209.188407,-837.4443183
233.68,173,114.2477401,111.6410981,91.57802033,91.22208841,89.50072253,2.253183771,21.75695435,-76.01915907,99.12967322,-14.7429496,-5837.844179,7209.597717,-836.9188038
233.68,174,114.1594629,111.4380704,91.59188662,91.22327526,89.49956592,2.24498656,21.84279632,-76.11350793,99.28691901,-14.66395642,-5832.049664,7207.839162,-836.29345
233.68,175,114.0738612,111.2395133,91.6063866,91.22443947,89.49842238,2.236956903,21.92744018,-76.20673383,99.44172001,-14.58621326,-5824.828915,7203.920069,-835.5694221
233.68,176,113.9909381,111.0454354,91.6215269,91.22558116,89.49729198,2.229092329,22.01087286,-76.29881442,99.59405248,-14.50972643,-5816.192467,7197.848311,-834.7480128
233.68,177,113.9106967,110.8558434,91.63731484,91.22670008,89.49617505,2.221394242,22.09308201,-76.38972832,99.74389448,-14.43454397,-5806.150976,7189.632341,-833.8300836
233.68,178,113.8331393,110.6707427,91.65375773,91.22779637,89.49507173,2.213858568,22.17405622,-76.47945497,99.89122516,-14.36065515,-5794.715304,7179.281127,-832.8170544
233.68,179,113.758268,110.4901376,91.67086365,91.22886989,89.49398222,2.206486901,22.25378485,-76.56797479,100.0360249,-14.28810785,-5781.89645,7166.804163,-831.7097171
233.68,180,113.6860851,110.3140311,91.68864088,91.22992069,89.49290673,2.199278116,22.33225802,-76.655269,100.1782756,-14.21692331,-5767.705525,7152.211459,-830.5090346
233.68,181,113.6165919,110.1424249,91.70709797,91.23094884,89.49184538,2.192230369,22.40946676,-76.74131975,100.3179603,-14.14711115,-5752.153797,7135.513525,-829.2161749
233.68,182,113.5497903,109.9753198,91.72624392,91.23195418,89.49079838,2.185342911,22.48540263,-76.82610998,100.455063,-14.07869404,-5735.252621,7116.721337,-827.8320644
233.68,183,113.4856813,109.8127157,91.74608799,91.23293695,89.48976588,2.178614894,22.5600582,-76.90962352,100.5895693,-14.01169184,-5717.013544,7095.846362,-826.3576272
233.68,184,113.4242663,109.6546114,91.76663971,91.23389695,89.48874797,2.172044232,22.6334264,-76.991845,100.7214657,-13.94611005,-5697.448082,7072.900523,-824.7939721
233.68,185,113.3655464,109.5010049,91.78790899,91.23483445,89.48774489,2.165630991,22.70550105,-77.0727599,100.8507399,-13.88197965,-5676.567962,7047.8962,-823.1418246
233.68,186,113.3095225,109.3518933,91.80990599,91.23574932,89.48675668,2.159374638,22.77627659,-77.15235436,100.9773805,-13.81932303,-5654.384971,7020.846176,-821.4020612
233.68,187,113.2561956,109.2072734,91.83264083,91.23664169,89.48578346,2.15327002,22.84574788,-77.23061541,101.1013773,-13.75810766,-5630.910914,6991.763697,-819.5760328
233.68,188,113.2055662,109.0671404,91.85612431,91.23751163,89.48482542,2.147319647,22.91391089,-77.30753089,101.2227213,-13.69839048,-5606.157832,6960.662442,-817.6641884
233.68,189,113.1576353,108.9314899,91.88036721,91.23835919,89.48388257,2.141522068,22.98076163,-77.38308922,101.3414041,-13.64018116,-5580.137685,6927.55644,-815.6673381
233.68,190,113.1124035,108.8003162,91.9053805,91.23918447,89.48295504,2.135875937,23.04629694,-77.45727969,101.4574183,-13.58349025,-5552.862589,6892.460178,-813.586408
233.68,191,113.0698715,108.6736133,91.93117533,91.23998754,89.48204301,2.130380021,23.11051414,-77.5300922,101.5707579,-13.5283283,-5524.344703,6855.38849,-811.4221575
233.68,192,113.0300399,108.5513746,91.95776286,91.24076852,89.4811464,2.125031022,23.17341108,-77.60151742,101.6814172,-13.47467988,-5494.596256,6816.356629,-809.1757011
233.68,193,112.9929092,108.4335932,91.98515469,91.24152743,89.48026538,2.119830491,23.23498618,-77.67154666,101.7893917,-13.42258852,-5463.629559,6775.380195,-806.847421
233.68,194,112.9584801,108.3202618,92.01336228,91.24226444,89.47940007,2.114776423,23.29523805,-77.7401718,101.8946775,-13.37205319,-5431.456922,6732.475137,-804.4382131
233.68,195,112.9267529,108.2113724,92.04239718,91.24297964,89.47855048,2.109866487,23.35416616,-77.80738558,101.9972716,-13.32306709,-5398.090795,6687.657828,-801.9489801
233.68,196,112.8977283,108.1069168,92.07227121,91.24367309,89.47771668,2.10510233,23.41177019,-77.87318117,102.097172,-13.27567281,-5363.543645,6640.944936,-799.3800283
233.68,197,112.8714068,108.0068866,92.10299594,91.244345,89.4768987,2.100479917,23.46805013,-77.93755239,102.1943771,-13.22984342,-5327.827968,6592.353482,-796.7325152
233.68,198,112.8477887,107.9112731,92.13458317,91.24499536,89.47609655,2.095999939,23.52300656,-78.00049364,102.2888861,-13.18560646,-5290.956355,6541.900823,-794.0068469
233.68,199,112.8268745,107.8200668,92.16704452,91.24562442,89.47531042,2.091659489,23.57664059,-78.06200002,102.3806989,-13.14294573,-5252.94157,6489.604716,-791.2039818
233.68,200,112.8086646,107.7332593,92.20039182,91.2462322,89.47454024,2.087459403,23.62895303,-78.12206686,102.469816,-13.10189059,-5213.795965,6435.48306,-788.3243482
233.68,201,112.7931594,107.6508402,92.23463661,91.24681885,89.47378604,2.083397346,23.67994581,-78.18069042,102.5562388,-13.0624299,-5173.532587,6379.554326,-785.3687163
233.68,202,112.7803591,107.5728,92.26979048,91.24738455,89.47304787,2.079472851,23.72962074,-78.23786724,102.6399688,-13.02457701,-5132.164141,6321.837133,-782.3376791
233.68,203,112.770264,107.4991287,92.30586482,91.24792933,89.47232579,2.075683484,23.77798,-78.29359445,102.7210085,-12.98831558,-5089.703466,6262.350469,-779.2321044
233.68,204,112.7628744,107.4298164,92.34287113,91.24845345,89.47161976,2.072031208,23.82502613,-78.34786954,102.7993607,-12.95368832,-5046.163471,6201.113597,-776.0520973
233.68,205,112.7581902,107.3648526,92.3808204,91.2489569,89.47092978,2.068511495,23.87076193,-78.40069066,102.8750289,-12.92065188,-5001.557128,6138.146137,-772.7988707
233.68,206,112.7562115,107.3042268,92.41972377,91.24943987,89.47025598,2.065125341,23.91519042,-78.45205629,102.9480169,-12.88923199,-4955.897458,6073.467971,-769.472688
233.68,207,112.7569382,107.247929,92.45959196,91.24990252,89.46959827,2.061870481,23.95831483,-78.50196513,103.018329,-12.85941621,-4909.197469,6007.099196,-766.0743758
233.68,208,112.76037,107.1959475,92.50043571,91.25034498,89.46895666,2.058747727,24.00013862,-78.55041697,103.0859703,-12.83122638,-4861.470472,5939.060459,-762.6041727
233.68,209,112.7665068,107.1482718,92.54226529,91.25076739,89.46833125,2.055755596,24.04066572,-78.5974114,103.1509458,-12.80465496,-4812.729543,5869.372496,-759.0629138
233.68,210,112.7753479,107.1048914,92.58509076,91.25116988,89.4677219,2.052892164,24.07989978,-78.64294837,103.213261,-12.77968989,-4762.98795,5798.056253,-755.4511704
233.68,211,112.7868926,107.0657946,92.62892189,91.25155251,89.46712868,2.050156338,24.11784507,-78.68702859,103.272922,-12.75632706,-4712.259077,5725.133164,-751.7696142
233.68,212,112.8011403,107.0309707,92.67376821,91.25191556,89.46655161,2.047548196,24.15450566,-78.72965278,103.329935,-12.73457694,-4660.55627,5650.624788,-748.0186667
233.68,213,112.8180898,107.0004081,92.7196388,91.25225904,89.46599061,2.045066218,24.18988606,-78.77082225,103.3843069,-12.71443073,-4607.893036,5574.55308,-744.1989843
233.68,214,112.8377399,106.9740953,92.76654248,91.25258313,89.46544572,2.04271054,24.22399086,-78.81053853,103.4360446,-12.6958959,-4554.28292,5496.940221,-740.3109359
233.68,215,112.860089,106.9520208,92.81448757,91.25288798,89.46491688,2.040479467,24.2568247,-78.84880341,103.4851552,-12.67896029,-4499.739527,5417.808626,-736.3552594
233.68,216,112.8851354,106.9341731,92.86348205,91.2531737,89.46440418,2.038372814,24.28839244,-78.885619,103.5316463,-12.66362645,-4444.276604,5337.181069,-732.332423
233.68,217,112.912877,106.9205402,92.91353338,91.25344041,89.46390749,2.036389108,24.3186989,-78.92098784,103.5755258,-12.64988297,-4387.90788,5255.080528,-728.243103
233.68,218,112.9433118,106.9111095,92.96464863,91.25368828,89.46342688,2.034527401,24.34774919,-78.95491272,103.6168018,-12.63772248,-4330.647208,5171.530355,-724.0877554
233.68,219,112.9764367,106.9058694,93.01683436,91.25391743,89.4629623,2.032787827,24.37554835,-78.98739658,103.6554825,-12.62715102,-4272.508559,5086.554086,-719.8670247
233.68,220,113.0122492,106.9048084,93.07009659,91.254128,89.46251366,2.031169151,24.40210157,-79.01844215,103.6915758,-12.618156,-4213.50592,5000.175305,-715.5812768
233.68,221,113.0507456,106.9079133,93.12444088,91.25432014,89.46208095,2.029670904,24.42741403,-79.04805328,103.7250909,-12.61073667,-4153.653506,4912.418296,-711.2312563
233.68,222,113.0919221,106.9151714,93.17987209,91.25449385,89.46166427,2.028292633,24.45149117,-79.07623362,103.7560363,-12.60488783,-4092.965452,4823.307374,-706.8173989
233.68,223,113.1357747,106.9265699,93.23639466,91.25464942,89.46126348,2.027033247,24.47433828,-79.102987,103.7844213,-12.60059732,-4031.456078,4732.867141,-702.3402887
233.68,224,113.1822991,106.9420961,93.29401226,91.25478694,89.46087855,2.025892202,24.49596058,-79.12831751,103.8102547,-12.59785774,-3969.139768,4641.122447,-697.8005432
233.68,225,113.2314898,106.9617369,93.35272804,91.25490646,89.46050952,2.024869178,24.51636383,-79.1522292,103.8335455,-12.59667151,-3906.031103,4548.098353,-693.1986785
233.68,226,113.2833414,106.9854787,93.41254441,91.25500817,89.46015642,2.023962751,24.53555333,-79.17472663,103.8543034,-12.59701118,-3842.144645,4453.820282,-688.5354052
233.68,227,113.3378481,107.0133077,93.47346326,91.25509215,89.45981905,2.023174316,24.5535344,-79.19581448,103.8725377,-12.59890016,-3777.495059,4358.313925,-683.8108839
233.68,228,113.3950032,107.0452106,93.53548556,91.25515852,89.45949745,2.022501539,24.57031265,-79.21549721,103.8882576,-12.60230515,-3712.097194,4261.60504,-679.02606
233.68,229,113.4547997,107.0811725,93.59861168,91.25520738,89.4591916,2.021944138,24.58589341,-79.23378003,103.9014731,-12.60721864,-3645.965941,4163.71992,-674.1815648
233.68,230,113.51723,107.1211793,93.66284131,91.25523892,89.45890147,2.021503168,24.60028226,-79.2506678,103.9121936,-12.61365493,-3579.116361,4064.68491,-669.2775367
233.68,231,113.5822859,107.1652163,93.7281732,91.25525321,89.45862703,2.021177029,24.61348465,-79.26616565,103.9204288,-12.62158705,-3511.563608,3964.526606,-664.314876
233.68,232,113.6499584,107.2132685,93.79460539,91.25525037,89.45836827,2.020964481,24.62550607,-79.28027881,103.9261886,-12.63099431,-3443.322949,3863.271925,-659.2943659
233.68,233,113.7202379,107.2653204,93.86213518,91.25523049,89.45812522,2.020866477,24.63635176,-79.29301276,103.9294826,-12.64188699,-3374.409645,3760.94804,-654.2163126
233.68,234,113.7931144,107.3213565,93.93075897,91.25519367,89.45789765,2.020882944,24.64602732,-79.30437281,103.9303205,-12.65425858,-3304.839337,3657.582265,-649.0812232
233.68,235,113.8685769,107.3813605,94.00047223,91.25514005,89.45768571,2.021011772,24.654538,-79.31436467,103.9287125,-12.66807489,-3234.627548,3553.202304,-643.8902132
233.68,236,113.946614,107.4453159,94.07126979,91.25506972,89.45748934,2.021255468,24.66188912,-79.3229939,103.9246682,-12.68336175,-3163.790023,3447.835976,-638.6431206
233.68,237,114.0272133,107.5132059,94.14314528,91.25498275,89.45730839,2.021611035,24.66808595,-79.3302663,103.9181976,-12.70007391,-3092.342609,3341.51143,-633.3413636
233.68,238,114.1103617,107.5850131,94.21609168,91.25487938,89.45714301,2.02208003,24.67313369,-79.33618763,103.9093104,-12.71822473,-3020.301246,3234.256979,-627.9850458
233.68,239,114.1960454,107.6607197,94.29010086,91.2547595,89.45699305,2.022661111,24.6770376,-79.3407638,103.8980164,-12.73778652,-2947.682086,3126.101229,-622.5750969
233.68,240,114.2842497,107.7403077,94.36516377,91.25462329,89.45685849,2.023353544,24.67980273,-79.34400065,103.8843259,-12.75874127,-2874.501309,3017.072946,-617.1123396
233.68,241,114.374959,107.823758,94.4412706,91.25447092,89.45673938,2.024159883,24.68143431,-79.34590425,103.8682479,-12.78111777,-2800.775322,2907.20121,-611.5967725
233.68,242,114.4681571,107.9110517,94.51841026,91.25430243,89.45663552,2.025077824,24.6819372,-79.34648057,103.8497932,-12.80486875,-2726.520541,2796.51526,-606.0296084
233.68,243,114.5638268,108.0021689,94.59657081,91.2541178,89.45654707,2.026107725,24.68131633,-79.34573573,103.8289709,-12.82999523,-2651.753565,2685.044595,-600.411394
233.68,244,114.6619499,108.0970892,94.67573926,91.25391735,89.45647389,2.027249361,24.67957676,-79.34367587,103.8057913,-12.85648029,-2576.491178,2572.818939,-594.742882
233.68,245,114.7625073,108.1957919,94.75590157,91.25370103,89.45641609,2.028502477,24.67672319,-79.34030706,103.7802637,-12.88430962,-2500.750211,2459.868178,-589.0248442
233.68,246,114.8654792,108.2982554,94.8370427,91.25346886,89.45637342,2.029867452,24.67276038,-79.33563549,103.7523981,-12.91347789,-2424.547643,2346.222453,-583.2578274
233.68,247,114.9708446,108.4044574,94.91914656,91.25322104,89.45634609,2.031344993,24.66769307,-79.32966756,103.7222049,-12.94397972,-2347.90061,2231.912194,-577.4424268
233.68,248,115.0785817,108.5143757,95.00219587,91.25295759,89.45633385,2.032933927,24.6615258,-79.32240925,103.6896925,-12.97578739,-2270.826342,2116.967833,-571.579708
233.68,249,115.1886677,108.6279862,95.08617232,91.25267863,89.45633688,2.034634045,24.65426315,-79.31386702,103.6548706,-13.00888795,-2193.342213,2001.420244,-565.6704997
233.68,250,115.3010781,108.7452654,95.17105659,91.25238422,89.45635502,2.036446814,24.64590975,-79.30404707,103.6177517,-13.04328282,-2115.465818,1885.300301,-559.7151189
233.68,251,115.4157886,108.8661888,95.25682811,91.25207441,89.45638826,2.038371647,24.63646987,-79.29295546,103.5783413,-13.07895096,-2037.214715,1768.639081,-553.7146148
233.68,252,115.5327732,108.9907292,95.34346519,91.25174932,89.45643663,2.040407503,24.62594773,-79.28059935,103.5366525,-13.11586558,-1958.606637,1651.468305,-547.6699917
233.68,253,115.6520046,109.1188634,95.43094515,91.25140898,89.45650012,2.042556025,24.6143478,-79.26698369,103.492693,-13.15403185,-1879.659578,1533.81885,-541.5817916
233.68,254,115.7734546,109.2505613,95.51924406,91.25105354,89.45657866,2.044817294,24.60167434,-79.25211619,103.4464731,-13.19343693,-1800.391555,1415.723076,-535.450683
233.68,255,115.8970942,109.3857965,95.60833681,91.25068304,89.45667219,2.047190884,24.58793128,-79.2360026,103.3980031,-13.23405473,-1720.820675,1297.212585,-529.2777125
233.68,256,116.0228931,109.5245402,95.69819723,91.25029746,89.45678079,2.049677236,24.57312275,-79.21864946,103.347291,-13.2758809,-1640.965238,1178.3195,-523.0637619
233.68,257,116.15082,109.6667637,95.78879793,91.249897,89.45690438,2.052276551,24.55725261,-79.20006277,103.2943468,-13.31889673,-1560.843606,1059.075879,-516.8096044
233.68,258,116.2808417,109.8124356,95.88011037,91.24948164,89.45704297,2.054989262,24.54032521,-79.18024953,103.2391787,-13.36309118,-1480.474468,939.5143909,-510.516073
233.68,259,116.4129255,109.9615259,95.97210478,91.24905147,89.45719651,2.057814495,24.52234367,-79.15921555,103.1818095,-13.40843533,-1399.876207,819.667288,-504.1843255
233.68,260,116.5470356,110.1140025,96.06475038,91.24860655,89.45736501,2.060754141,24.50331259,-79.13696745,103.1222267,-13.45493522,-1319.067907,699.5673685,-497.814876
233.68,261,116.6831365,110.2698319,96.15801509,91.24814701,89.45754845,2.063807863,24.48323521,-79.11351182,103.0604545,-13.50257001,-1238.068288,579.2475277,-491.4088409
233.68,262,116.8211907,110.4289807,96.25186569,91.24767281,89.45774676,2.066976104,24.46211546,-79.08885505,102.9965015,-13.55132188,-1156.896452,458.7407634,-484.9669939
233.68,263,116.9611603,110.591414,96.34626774,91.24718406,89.45796004,2.070258085,24.43995669,-79.06300375,102.9303753,-13.60117037,-1075.571458,338.0801967,-478.4908784
233.68,264,117.1030056,110.7570973,96.44118584,91.24668084,89.45818819,2.073656677,24.41676259,-79.03596374,102.8620849,-13.65212135,-994.1125993,217.2987673,-471.9803132
233.68,265,117.2466851,110.9259933,96.53658317,91.24616325,89.45843113,2.077169896,24.39253729,-79.00774198,102.7916428,-13.70413858,-912.5394834,96.43005478,-465.4373334
233.68,266,117.3921582,111.0980572,96.63242188,91.24563123,89.45868899,2.080798816,24.36728325,-78.97834844,102.7190613,-13.75720842,-830.8712143,-24.49079941,-458.8625318
233.68,267,117.5393822,111.2732696,96.72866301,91.24508493,89.4589617,2.084544408,24.34100359,-78.94778054,102.6443409,-13.81132618,-749.1273111,-145.4346769,-452.2567682
233.68,268,117.6883094,111.45157,96.82526638,91.24452442,89.45924919,2.088404684,24.31370464,-78.91605496,102.5675029,-13.86644811,-667.3284815,-266.3629425,-445.6219228
233.68,269,117.838899,111.6329302,96.92219089,91.24394971,89.45955147,2.092384127,24.28538579,-78.88317236,102.4885516,-13.92260477,-585.4931459,-387.2447667,-438.9576686
233.68,270,117.9911011,111.8173049,97.01939402,91.24336088,89.45986863,2.096480026,24.25605316,-78.84914126,102.4074995,-13.97974177,-503.6422677,-508.0453638,-432.2660506
233.68,271,118.144869,112.0046507,97.1168324,91.24275808,89.46020049,2.100694107,24.22570933,-78.81396874,102.3243572,-14.03786204,-421.795584,-628.7306155,-425.5478521
233.68,272,118.3001545,112.1949265,97.21446156,91.24214118,89.46054715,2.105027392,24.19435693,-78.77766032,102.2391358,-14.09695127,-339.9729765,-749.2671009,-418.8038709
233.68,273,118.4569059,112.3880847,97.31223591,91.24151042,89.46090859,2.109480628,24.16200049,-78.74022431,102.1518462,-14.1569978,-258.1951575,-869.620005,-412.0351296
233.68,274,118.6150743,112.5840829,97.41010871,91.24086576,89.46128475,2.114051748,24.12864149,-78.70166594,102.0624982,-14.21795643,-176.4817514,-989.75599,-405.2437229
233.68,275,118.7746063,112.782872,97.50803236,91.2402073,89.46167554,2.118742287,24.09428401,-78.66199325,101.9711053,-14.27981934,-94.85349405,-1109.640308,-398.4303094
233.68,276,118.9354511,112.9844053,97.60595833,91.23953503,89.46208111,2.123553841,24.05892917,-78.62121281,101.8776779,-14.34258478,-13.33003915,-1229.238941,-391.5957538
233.68,277,119.0975378,113.1886336,97.70383701,91.23884923,89.46250131,2.128486373,24.02259396,-78.5793317,101.7822277,-14.40623193,68.06250971,-1348.517605,-384.7415438
233.68,278,119.2608376,113.3955074,97.80161785,91.23814969,89.46293623,2.133540189,23.98525927,-78.536357,101.6847671,-14.47073386,149.3124657,-1467.442045,-377.8686554
233.68,279,119.4252766,113.6049757,97.89924945,91.23743663,89.46338574,2.138715924,23.9469427,-78.49229587,101.5853082,-14.53607956,230.3933118,-1585.977978,-370.9785368
233.68,280,119.5907988,113.8169856,97.99667967,91.23671012,89.46384995,2.144016412,23.90764641,-78.44715605,101.4838642,-14.60227887,311.2846754,-1704.090878,-364.0715002
233.68,281,119.7573481,114.0314858,98.09385506,91.23597015,89.46432874,2.149437208,23.86737151,-78.40094412,101.3804474,-14.66925469,391.9665454,-1821.74683,-357.1505829
233.68,282,119.9248652,114.2484213,98.19072195,91.23521681,89.46482208,2.15498282,23.82612113,-78.35366802,101.2750706,-14.73703477,472.4180377,-1938.911306,-350.2156825
233.68,283,120.093287,114.467737,98.28722561,91.2344502,89.46532997,2.160653189,23.78390079,-78.30533534,101.1677477,-14.80559713,552.6172546,-2055.550044,-343.2682893
233.68,284,120.2625534,114.6893771,98.38331059,91.23367041,89.46585245,2.166448057,23.74071289,-78.25595361,101.0584924,-14.87490934,632.5435053,-2171.628861,-336.3099173
233.68,285,120.4326029,114.9132848,98.47892077,91.23287743,89.4663894,2.172367675,23.69656033,-78.20553051,100.9473182,-14.94495711,712.1758796,-2287.11362,-329.3421598
233.68,286,120.6033707,115.1394016,98.57399959,91.23207139,89.4669408,2.178414691,23.65144798,-78.15407415,100.83424,-15.01574096,791.4926243,-2401.970077,-322.3654637
233.68,287,120.7747932,115.3676687,98.66848959,91.23125236,89.46750669,2.184587213,23.60537927,-78.1015925,100.7192725,-15.08721634,870.4725367,-2516.16417,-315.3821311
233.68,288,120.9468054,115.598026,98.76233295,91.23042044,89.46808698,2.190886043,23.55835821,-78.0480938,100.6024309,-15.15936937,949.0941771,-2629.661853,-308.3934766
233.68,289,121.119342,115.8304129,98.85547141,91.2295756,89.46868168,2.197312462,23.5103885,-77.99358615,100.4837307,-15.23219097,1027.336228,-2742.429286,-301.4006721
233.68,290,121.2923353,116.0647674,98.94784622,91.2287181,89.46929071,2.203866941,23.46147547,-77.93807812,100.3631873,-15.30565796,1105.17667,-2854.432561,-294.4050813
233.68,291,121.46572,116.3010269,99.03939835,91.22784787,89.46991401,2.210551306,23.41162191,-77.88157829,100.2408175,-15.37976746,1182.594569,-2965.637941,-287.4077054
233.68,292,121.6394285,116.5391274,99.13006824,91.22696499,89.47055151,2.217363982,23.36083223,-77.82409554,100.1166379,-15.45448045,1259.568314,-3076.011735,-280.4107638
233.68,293,121.8133915,116.7790052,99.21979612,91.22606966,89.47120325,2.224304257,23.30911205,-77.76563855,99.99066571,-15.52976539,1336.075823,-3185.520552,-273.4163548
233.68,294,121.9875415,117.0205945,99.30852237,91.22516189,89.47186922,2.231376758,23.25646509,-77.70621669,99.86291837,-15.60564333,1412.095829,-3294.130878,-266.4241923
233.68,295,122.1618096,117.2638295,99.39618669,91.22424175,89.47254925,2.238577235,23.20289604,-77.64583909,99.73341442,-15.68204917,1487.606705,-3401.80955,-259.437752
233.68,296,122.3361263,117.5086434,99.48272922,91.22330941,89.47324336,2.245909601,23.14841008,-77.58451529,99.60217184,-15.75899832,1562.586658,-3508.523448,-252.4572257
233.68,297,122.5104218,117.7549687,99.56808977,91.22236494,89.4739514,2.253372566,23.09301237,-77.52225495,99.46921024,-15.8364559,1637.013954,-3614.239649,-245.4849123
233.68,298,122.6846262,118.0027374,99.65220839,91.22140844,89.47467344,2.260967219,23.03670819,-77.45906784,99.33454865,-15.91440712,1710.866887,-3718.925459,-238.522084
233.68,299,122.858669,118.2518806,99.73502513,91.22043996,89.47540929,2.268692926,22.9795033,-77.39496406,99.19820735,-15.99282645,1784.123604,-3822.548313,-231.5708342
233.68,300,123.0324812,118.502329,99.81648049,91.21945965,89.47615898,2.276551996,22.92140259,-77.3299539,99.06020697,-16.07170995,1856.762722,-3925.075841,-224.6319827
233.68,301,123.2059917,118.7540124,99.89651493,91.21846763,89.47692235,2.284542418,22.86241236,-77.26404787,98.92056819,-16.15101729,1928.762328,-4026.475908,-217.7081777
233.68,302,123.3791304,119.0068606,99.97506955,91.217464,89.47769938,2.292666373,22.80253878,-77.19725669,98.7793132,-16.23074485,2000.100686,-4126.716589,-210.8003519
233.68,303,123.5518275,119.2608028,100.0520857,91.21644883,89.47848992,2.300922154,22.74178773,-77.12959115,98.63646358,-16.31085677,2070.75628,-4225.766285,-203.9110179
233.68,304,123.7240128,119.5157675,100.1275053,91.21542223,89.47929401,2.309311817,22.68016588,-77.06106249,98.49204193,-16.39134761,2140.707378,-4323.593539,-197.0411612
233.68,305,123.8956166,119.7716829,100.2012707,91.21438442,89.48011139,2.317832299,22.61768004,-76.99168218,98.34607261,-16.47217232,2209.932323,-4420.167151,-190.1939789
233.68,306,124.0665694,120.0284775,100.2733255,91.21333546,89.48094203,2.326487822,22.55433714,-76.92146166,98.19857796,-16.55334357,2278.409567,-4515.456345,-183.3695842
233.68,307,124.236802,120.2860785,100.3436131,91.21227543,89.48178586,2.335274695,22.49014454,-76.85041301,98.04958301,-16.63480902,2346.117464,-4609.430422,-176.571243
233.68,308,124.4062462,120.5444134,100.4120786,91.21120451,89.48264275,2.34419617,22.42510916,-76.77854832,97.89911275,-16.71657845,2413.034811,-4702.059124,-169.7997054
233.68,309,124.5748335,120.8034096,100.4786674,91.21012285,89.48351262,2.353248954,22.35923923,-76.70587997,97.74719249,-16.7986005,2479.139919,-4793.312461,-163.0580802
233.68,310,124.7424969,121.0629947,100.5433263,91.20903059,89.48439524,2.362437822,22.29254236,-76.63242046,97.59384845,-16.88089555,2544.411605,-4883.160855,-156.346275
233.68,311,124.9091692,121.323096,100.6060026,91.20792781,89.48529055,2.371754515,22.22502716,-76.5581827,97.43910734,-16.96338086,2608.828445,-4971.57499,-149.6698116
233.68,312,125.0747847,121.5836402,100.6666453,91.20681473,89.4861985,2.381205686,22.15670168,-76.48317993,97.28299555,-17.04608508,2672.369393,-5058.525889,-143.0276135
233.68,313,125.2392775,121.8445552,100.7252044,91.20569141,89.4871189,2.390788667,22.08757532,-76.40742545,97.12554174,-17.12897558,2735.013133,-5143.985007,-136.4228831
233.68,314,125.4025843,122.1057681,100.7816311,91.20455802,89.48805149,2.400503032,22.01765655,-76.33093299,96.96677411,-17.21202178,2796.738919,-5227.924121,-129.8575356
233.68,315,125.564641,122.3672067,100.8358779,91.20341479,89.48899628,2.410348744,21.94695529,-76.25371644,96.80672139,-17.29521402,2857.525622,-5310.315465,-123.3336885
233.68,316,125.7253858,122.6287988,100.887899,91.20226182,89.48995298,2.42032356,21.87548081,-76.17579008,96.64541337,-17.37851346,2917.352628,-5391.131603,-116.8540906
233.68,317,125.8847573,122.890473,100.93765,91.20109927,89.49092161,2.430431192,21.80324329,-76.09716819,96.4828798,-17.46193044,2976.199207,-5470.345656,-110.4190893
233.68,318,126.0426956,123.1521579,100.9850877,91.1999273,89.49190188,2.440663595,21.73025307,-76.01786554,96.31915159,-17.54539087,3034.044821,-5547.93109,-104.0340793
233.68,319,126.1991426,123.4137824,101.0301714,91.19874611,89.49289353,2.451030086,21.65652032,-75.93789714,96.1542598,-17.62895075,3090.869283,-5623.861814,-97.69701448
233.68,320,126.3540403,123.675276,101.0728612,91.19755587,89.4938966,2.461522847,21.58205651,-75.85727829,95.98823666,-17.71253268,3146.652129,-5698.1122,-91.41311491
233.68,321,126.5073334,123.9365695,101.1131197,91.19635677,89.49491073,2.472146052,21.50687244,-75.7760243,95.82111384,-17.79615574,3201.373507,-5770.657222,-85.18249753
233.68,322,126.6589677,124.1975932,101.1509099,91.19514889,89.49593577,2.482883959,21.43097944,-75.69415107,95.65292472,-17.87968316,3255.013621,-5841.472194,-79.01374736
233.68,323,126.808889,124.4582788,101.1861989,91.19393257,89.49697158,2.493750112,21.35439043,-75.61167459,95.48370248,-17.96320911,3307.552334,-5910.533004,-72.90303799
233.68,324,126.9570479,124.7185588,101.2189544,91.19270789,89.49801788,2.504740389,21.2771163,-75.52861099,95.31348168,-18.04668929,3358.970719,-5977.816135,-66.85400647
233.68,325,127.1033942,124.978366,101.2491465,91.1914751,89.4990746,2.515853984,21.19917,-75.444977,95.14229649,-18.13010439,3409.2493,-6043.298423,-60.86884267
233.68,326,127.2478799,125.2376344,101.2767469,91.19023432,89.50014132,2.527084941,21.12056443,-75.36078927,94.97018209,-18.21339922,3458.368985,-6106.957421,-54.95194326
233.68,327,127.3904594,125.4962994,101.30173,91.18898587,89.50121784,2.538435213,21.04131252,-75.27606471,94.79717406,-18.29658053,3506.31104,-6168.771237,-49.10443787
233.68,328,127.5310882,125.7542963,101.3240717,91.18772985,89.50230413,2.549899076,20.96142799,-75.19082073,94.62330887,-18.37959452,3553.056767,-6228.718417,-43.33041219
233.68,329,127.669724,126.0115623,101.3437512,91.18646652,89.50339981,2.561480716,20.88092465,-75.1050747,94.44862279,-18.46246437,3598.587831,-6286.778247,-37.63005726
233.68,330,127.8063277,126.2680354,101.3607502,91.18519606,89.50450464,2.573192193,20.79981563,-75.01884436,94.27315339,-18.54526555,3642.886589,-6342.930533,-32.00002211
233.68,331,127.9408598,126.5236548,101.3750497,91.18391874,89.50561844,2.585003362,20.71811629,-74.93214763,94.09693841,-18.62777679,3685.934849,-6397.155734,-26.45485813
233.68,332,128.0732843,126.7783608,101.3866352,91.18263467,89.50674088,2.59691548,20.63584111,-74.84500266,93.9200161,-18.71000259,3727.715224,-6449.434911,-20.99587246
233.68,333,128.2035671,127.0320948,101.3954967,91.18134424,89.5078717,2.608953337,20.55300495,-74.75742788,93.74242529,-18.79211031,3768.210616,-6499.749757,-15.61428017
233.68,334,128.3316761,127.2847997,101.40162,91.18004756,89.50901067,2.62106193,20.46962329,-74.66944186,93.56420518,-18.87370974,3807.404088,-6548.082623,-10.33497727
233.68,335,128.4575813,127.5364198,101.4050028,91.17874485,89.51015753,2.633304778,20.3857116,-74.58106328,93.38539562,-18.95524041,3845.279177,-6594.416593,-5.132953798
233.68,336,128.5812547,127.7869003,101.4056383,91.17743641,89.51131196,2.645656639,20.30128604,-74.49231118,93.20603686,-19.03651928,3881.819589,-6638.735327,-0.02052606
233.68,337,128.7026708,128.0361881,101.4035201,91.17612246,89.51247373,2.65807076,20.21636267,-74.40320474,93.02616963,-19.11722991,3917.009568,-6681.023204,4.981053965
233.68,338,128.8218057,128.2842309,101.3986548,91.17480322,89.51364252,2.670629175,20.13095837,-74.31376348,92.84583565,-19.19792156,3950.83347,-6721.265214,9.904602344
233.68,339,128.9386385,128.530979,101.3910351,91.173479,89.5148181,2.683213532,20.04508954,-74.22400667,92.66507632,-19.27780558,3983.276379,-6759.447269,14.69880934
233.68,340,129.0531498,128.7763828,101.3806732,91.17214996,89.51600008,2.695914978,19.95877365,-74.13395423,92.48393419,-19.35748576,4014.323425,-6795.555764,19.40048089
233.68,341,129.1653228,129.0203949,101.3675736,91.17081643,89.51718821,2.708699316,19.87202789,-74.04362601,129.1760889,-19.43673781,4043.960384,-6829.577916,23.99368967
233.68,342,129.2751418,129.2629686,101.3517469,91.16947862,89.51838214,2.721579407,19.78487068,-73.95304222,73.95304222,-19.51564465,4072.173021,-6861.50159,28.48234275
233.68,343,129.382595,129.5040601,101.3332037,91.16813683,89.51958169,2.734537616,19.69731948,-73.86222278,73.86222278,-19.59409336,4098.948072,-6891.315603,32.85771622
233.68,344,129.4876716,129.743625,101.3119572,91.16679126,89.52078632,2.747559167,19.60939282,-73.77118847,73.77118847,-19.67199606,4124.272357,-6919.00917,37.11215722
233.68,345,129.590363,129.9816219,101.2880257,91.16544225,89.52199596,2.760662116,19.52110935,-73.67995957,73.67995957,-19.74946915,4148.1332,-6944.572574,41.25189232
233.68,346,129.6906628,130.2180101,101.2614263,91.16409002,89.52321009,2.77382477,19.43248815,-73.58855694,73.58855694,-19.82638155,4170.518321,-6967.996641,45.26662183
233.68,347,129.7885671,130.4527505,101.2321819,91.16273495,89.5244285,2.787061717,19.34354809,-73.49700135,73.49700135,-19.90282808,4191.416088,-6989.273061,49.16116261
233.68,348,129.8840732,130.6858049,101.2003132,91.16137721,89.52565075,2.800340393,19.25430902,-73.40531394,73.40531394,-19.97861655,4210.815057,-7008.394186,52.920769
233.68,349,129.9771808,130.917137,101.1658481,91.16001715,89.52687657,2.813684037,19.16479078,-73.31351582,73.31351582,-20.05389566,4228.704367,-7025.353221,56.5540115
233.68,350,130.0678914,131.1467115,101.1288136,91.15865507,89.52810565,2.827079471,19.07501343,-73.22162821,73.22162821,-20.12859236,4245.073677,-7040.144132,60.05432759
233.68,351,130.1562085,131.3744941,101.089239,91.15729115,89.52933769,2.840516362,18.98499742,-73.12967272,73.12967272,-20.20265453,4259.913084,-7052.761554,63.41642477
233.68,352,130.2421375,131.6004525,101.0471571,91.15592584,89.53057216,2.85400054,18.89476332,-73.03767073,73.03767073,-20.27612392,4273.213246,-7063.201047,66.64174591
233.68,353,130.3256851,131.8245546,101.0026009,91.1545593,89.53180883,2.867516191,18.80433234,-72.94564408,72.94564408,-20.34891985,4284.965181,-7071.458813,69.72294715
233.68,354,130.40686,132.0467691,100.9556071,91.15319197,89.53304736,2.881066611,18.71372567,-72.85361484,72.85361484,-20.42107125,4295.160551,-7077.531754,72.6605041
233.68,355,130.4856727,132.2670673,100.9062128,91.15182412,89.53428732,2.894640938,18.62296489,-72.76160472,72.76160472,-20.49252698,4303.791487,-7081.41779,75.44927228
233.68,356,130.5621343,132.4854191,100.8544585,91.15045601,89.53552845,2.908240508,18.53207218,-72.66963626,72.66963626,-20.56330479,4310.850509,-7083.115284,78.08912275
233.68,357,130.6362583,132.7017976,100.8003849,91.14908805,89.53677028,2.9218548,18.44106964,-72.5777315,72.5777315,-20.63336046,4316.330822,-7082.623654,80.57509493
233.68,358,130.708059,132.9161748,100.7440355,91.14772051,89.53801252,2.935479025,18.34997996,-72.48591311,72.48591311,-20.70267991,4320.226045,-7079.942868,82.90478918
233.68,359,125.406846,92.41220096,118.0782533,91.5911979,89.38903959,0.915737774,55.13246288,50.50794422,-50.50794422,83.48070521,-7488.252255,12909.76143,-541.7995237